{
  "@graph": [ {
      "@id": "_:b0",
      "alternativeHeadline": "「第７１話・はつもうで」「第４６話・部を作ろう」「第３６話・落とし物の精」「第１７話・３匹のブーチューバー」"
    }, {
      "@id": "_:b1",
      "actor": "【声の出演】田谷隼、寿美菜子、浅井孝行、南部雅一、村田志織、宮里駿、岩崎ひろし、阪口周平、佐野康之、宮本克哉、花藤蓮",
      "alternativeHeadline": "ドラゴン・アイが映す世界・後編",
      "episodeNumber": "＃２"
    }, {
      "@id": "_:b10",
      "alternativeHeadline": "追憶のゴールデン・アイ",
      "episodeNumber": "10"
    }, {
      "@id": "_:b100",
      "alternativeHeadline": "　　　　",
      "contributor": "[音響制作]ダックスプロダクション"
    }, {
      "@id": "_:b101",
      "actor": "【出演】飯豊まりえ【声の出演】中村悠一【出演】ピカチュウ【出演】ヒバニー【声の出演】後藤拓実（四千頭身）",
      "alternativeHeadline": "飯豊まりえと行く！アニメ「ポケットモンスター」の世界～アニポケ徹底解説スペシャル～",
      "track": "【音楽】ＡｆｔｅｒｔｈｅＲａｉｎ（そらる×まふまふ）「１・２・３」"
    }, {
      "@id": "_:b11",
      "alternativeHeadline": "涙のクリスタル・マザー",
      "episodeNumber": "11"
    }, {
      "@id": "_:b12",
      "alternativeHeadline": "ダーク・ナイトに愛の涙を",
      "episodeNumber": "12"
    }, {
      "@id": "_:b13",
      "alternativeHeadline": "華麗なるライバルたち",
      "episodeNumber": "7"
    }, {
      "@id": "_:b14",
      "alternativeHeadline": "聖夜[イヴ]は恋するゲレンデで",
      "episodeNumber": "6"
    }, {
      "@id": "_:b15",
      "alternativeHeadline": "レッド・ティアーの秘密",
      "episodeNumber": "8"
    }, {
      "@id": "_:b16",
      "actor": "【出演】三池崇史（映画監督）、稲積君将（アニメーター）、小桜エツコ、渡部優衣、千菅春香、豊永利行【声の出演】安達祐実、飯島肇",
      "alternativeHeadline": "プチプチ・アニメスペシャル～映画監督三池崇史のおくりもの～"
    }, {
      "@id": "_:b17",
      "actor": "【声の出演】吉田舞妃、田村睦心、田所あずさ、金元寿子、金城大和、星野充昭、間島淳司、代永翼、種市桃子【声の出演】上村祐翔、市川蒼、鈴木崚汰、矢野奨吾、石川界人、浅沼晋太郎、鈴木勝美、大地葉、島袋美由利、七瀬彩夏、松谷彼哉、永島由子、上田瞳、渡部紗弓、金子誠、猪股慧士、梶原岳人",
      "alternativeHeadline": "＜バジャのスタジオ＞本編＜ツルネ＞「少年は矢庭に」",
      "episodeNumber": "第一話",
      "track": "【音楽】ＨｉｊｉＲｉｎｏ、杉並児童合唱団「手のひらを太陽に」【挿入曲】ｒｉｎｏ「星めぐりの歌」【音楽】富貴晴美【エンディング曲】ＣｈｏｕＣｈｏ「オレンジ色」"
    }, {
      "@id": "_:b18",
      "actor": "【出演】村瀬歩、木村良平、花守ゆみり、悠木碧【声の出演】廣瀬智美",
      "alternativeHeadline": "「魔入りました！入間くん」「ラディアン２」"
    }, {
      "@id": "_:b19",
      "actor": "【声の出演】片桐仁（ラーメンズ）、荒川良々、近藤公園、平野貴大",
      "alternativeHeadline": "ぽの巻"
    }, {
      "@id": "_:b2",
      "actor": "【出演】鈴木健太（ＭＢＳアニメ宣伝担当）、前田登（はりけ～んず）、松崎克俊（やさしい雨）、向清太朗（天津）【出演】吉永拓斗、小野早稀",
      "alternativeHeadline": "＜Ｗｈａｔ’ｓＢＥＡＴＬＥＳＳ＞「ＢＥＡＴＬＥＳＳ」絶賛放送中！＜Ｗｈａｔ’ｓＢＥＡＴＬＥＳＳ＞【大喜利】お題「最も安いｈＩＥの機能とは？」",
      "track": "【音楽】ＣｌａｒｉＳ「ＰＲＩＭＡＬｏｖｅ」（ＳＡＣＲＡＭＵＳＩＣ）"
    }, {
      "@id": "_:b20",
      "alternativeHeadline": "[前編]",
      "episodeNumber": "1"
    }, {
      "@id": "_:b21",
      "actor": "【声の出演】片桐仁（ラーメンズ）、荒川良々、近藤公園、平野貴大",
      "alternativeHeadline": "ぽの巻"
    }, {
      "@id": "_:b22",
      "actor": "【声の出演】片桐仁（ラーメンズ）、荒川良々、近藤公園、平野貴大",
      "alternativeHeadline": "んの巻"
    }, {
      "@id": "_:b23",
      "alternativeHeadline": "ぽの巻"
    }, {
      "@id": "_:b24",
      "actor": "【声の出演】片桐仁（ラーメンズ）、荒川良々、近藤公園、平野貴大",
      "alternativeHeadline": "んの巻"
    }, {
      "@id": "_:b25",
      "actor": "【声の出演】片桐仁（ラーメンズ）、荒川良々、近藤公園、平野貴大",
      "alternativeHeadline": "んの巻"
    }, {
      "@id": "_:b26",
      "actor": "【声の出演】片桐仁（ラーメンズ）、荒川良々、近藤公園、平野貴大",
      "alternativeHeadline": "ぽの巻"
    }, {
      "@id": "_:b27",
      "actor": "【声の出演】片桐仁（ラーメンズ）、荒川良々、近藤公園、平野貴大",
      "alternativeHeadline": "ぽの巻"
    }, {
      "@id": "_:b28",
      "actor": "【声の出演】片桐仁（ラーメンズ）、荒川良々、近藤公園、平野貴大",
      "alternativeHeadline": "ぽの巻"
    }, {
      "@id": "_:b29",
      "actor": "【声の出演】片桐仁（ラーメンズ）、荒川良々、近藤公園、平野貴大",
      "alternativeHeadline": "んの巻"
    }, {
      "@id": "_:b3",
      "actor": "【声の出演】片桐仁（ラーメンズ）、荒川良々、近藤公園、平野貴大",
      "alternativeHeadline": "ぽの巻"
    }, {
      "@id": "_:b30",
      "actor": "【声の出演】片桐仁（ラーメンズ）、荒川良々、近藤公園、平野貴大",
      "alternativeHeadline": "んの巻"
    }, {
      "@id": "_:b31",
      "actor": "【声の出演】片桐仁（ラーメンズ）、荒川良々、近藤公園、平野貴大",
      "alternativeHeadline": "ぽの巻"
    }, {
      "@id": "_:b32",
      "actor": "【声の出演】片桐仁（ラーメンズ）、荒川良々、近藤公園、平野貴大",
      "alternativeHeadline": "んの巻"
    }, {
      "@id": "_:b33",
      "actor": "【声の出演】片桐仁（ラーメンズ）、荒川良々、近藤公園、平野貴大",
      "alternativeHeadline": "ぽの巻"
    }, {
      "@id": "_:b34",
      "actor": "【声の出演】片桐仁（ラーメンズ）、荒川良々、近藤公園、平野貴大",
      "alternativeHeadline": "ぽの巻"
    }, {
      "@id": "_:b35",
      "actor": "【声の出演】片桐仁（ラーメンズ）、荒川良々、近藤公園、平野貴大",
      "alternativeHeadline": "ぽの巻"
    }, {
      "@id": "_:b36",
      "actor": "【声の出演】片桐仁（ラーメンズ）、荒川良々、近藤公園、平野貴大",
      "alternativeHeadline": "んの巻"
    }, {
      "@id": "_:b37",
      "actor": "【声の出演】片桐仁（ラーメンズ）、荒川良々、近藤公園、平野貴大",
      "alternativeHeadline": "ぽの巻"
    }, {
      "@id": "_:b38",
      "actor": "【声の出演】片桐仁（ラーメンズ）、荒川良々、近藤公園、平野貴大、三山ひろし",
      "alternativeHeadline": "んの巻"
    }, {
      "@id": "_:b39",
      "alternativeHeadline": "第3回　“熱狂”はこうして作られた",
      "episodeNumber": "3"
    }, {
      "@id": "_:b4",
      "actor": "【声の出演】片桐仁（ラーメンズ）、荒川良々、近藤公園、平野貴大",
      "alternativeHeadline": "ぽの巻"
    }, {
      "@id": "_:b40",
      "actor": "【声の出演】田谷隼、寿美菜子、浅井孝行、南部雅一、村田志織、宮里駿、田中正彦、岩崎ひろし、白熊寛嗣、明平鉄平",
      "alternativeHeadline": "ドラゴンの歌声",
      "episodeNumber": "＃３"
    }, {
      "@id": "_:b41",
      "actor": "【声の出演】前田このみ、西村不二人",
      "alternativeHeadline": "＜アイカツオンパレード！＞今からでも間に合う！振り返りＳＰ！＜ゾイドワイルドＺＥＲＯ＞今からでも間に合う！振り返りＳＰ！"
    }, {
      "@id": "_:b42",
      "alternativeHeadline": "BLOOD-C　「ひともをし」",
      "episodeNumber": "2"
    }, {
      "@id": "_:b43",
      "actor": "【出演】清原果耶【声の出演】赤崎千夏、浦山迅、坂東尚樹、梶川翔平、佐藤はな、柚木尚子、一龍斎貞友、池谷麻里、小谷野美恵子、仲木隆司、長谷美希",
      "alternativeHeadline": "アニメ・大好きだったあなたへ－ヒバクシャからの手紙－＜短編アニメ＞ヤマンへの手紙＜短編アニメ＞あなたがいて、私がいて、＜短編アニメ＞父とのわかれ",
      "track": "【音楽】羽深由理、對馬樹、森光明"
    }, {
      "@id": "_:b44",
      "alternativeHeadline": "第1話／ルージュラのクリスマス,第2話／イワークでビバーク"
    }, {
      "@id": "_:b45",
      "actor": "【出演】羽多野渉、雨宮天、内田真礼、上坂すみれ【声の出演】諏訪部順一",
      "alternativeHeadline": "獣人観察特番「キリングバイツ」放送直前スペシャル",
      "track": "【音楽】ｆｒｉｐＳｉｄｅ「ｋｉｌｌｉｎｇｂｉｔｅｓ」"
    }, {
      "@id": "_:b46",
      "actor": "【声の出演】那須晃行（なすなかにし）、中西茂樹（なすなかにし）、なすなかにし、金子学（うしろシティ）、阿諏訪泰義（うしろシティ）、うしろシティ、小野賢章、江口拓也、よっち、えっちゃん、りっちゃん、溜口佑太朗（ラブレターズ）、山口勝平、中尾隆聖、佐倉綾音、小松未可子",
      "alternativeHeadline": "「第７１話・はつもうで」「第４６話・部を作ろう」「第３６話・落とし物の精」「第１７話・３匹のブーチューバー」「第８１話・ももも太郎」「第８２話・ノキオシューティング」「第８６話・むすびの運動会」「第７８話・卒業！？式」"
    }, {
      "@id": "_:b47",
      "alternativeHeadline": "「ダブルサークル “Double Circle“」 Double Circle",
      "episodeNumber": "2C"
    }, {
      "@id": "_:b48",
      "alternativeHeadline": "　　　　"
    }, {
      "@id": "_:b49",
      "alternativeHeadline": "「ダブルサークル “Double Circle“」 Energy and Power - Part1」",
      "episodeNumber": "1A"
    }, {
      "@id": "_:b5",
      "actor": "【声の出演】藤原夏海、西山宏太朗、花澤香菜、高森奈津美、森訓久、草尾毅、広瀬さや、青山玲菜、大谷理美、山藤桃子、関根明良、弘松芹香、柊木逢花、衣川里佳、宮本茉奈、若林佑、森久保祥太郎、笹本優子、新田早規、内野孝聡、咲野俊介、野田順子、大井麻利衣、七瀬彩夏、牧野真莉愛",
      "alternativeHeadline": "第１話「大吾の夢」・第２話「二世でなければ」・第３話「ふたりのジュニア」"
    }, {
      "@id": "_:b50",
      "alternativeHeadline": "「ダブルサークル “Double Circle“」 DNA and GPS」",
      "episodeNumber": "1C"
    }, {
      "@id": "_:b51",
      "alternativeHeadline": "「ダブルサークル “Double Circle“」 Energy and Power - Part2」",
      "episodeNumber": "1B"
    }, {
      "@id": "_:b52",
      "alternativeHeadline": "「ダブルサークル “Double Circle“」 Water and Greenery",
      "episodeNumber": "2A"
    }, {
      "@id": "_:b53",
      "alternativeHeadline": "「ダブルサークル “Double Circle“」 Illusion and Reality",
      "episodeNumber": "2B"
    }, {
      "@id": "_:b54",
      "actor": "【声の出演】田谷隼、寿美菜子、浅井孝行、南部雅一、村田志織、宮里駿、田中正彦、阪口周平、鳥海勝美、長島真祐、町田政則、宮本克哉、佐野康之、広瀬淳、花藤蓮",
      "alternativeHeadline": "ドラゴン・アイが映す世界・前編",
      "episodeNumber": "＃１"
    }, {
      "@id": "_:b55",
      "actor": "【出演】村瀬歩、木村良平、花守ゆみり、悠木碧【声の出演】廣瀬智美",
      "alternativeHeadline": "「魔入りました！入間くん」「ラディアン２」"
    }, {
      "@id": "_:b56",
      "alternativeHeadline": "本編"
    }, {
      "@id": "_:b57",
      "alternativeHeadline": "戦中編　果てしなき戦線拡大の悲劇",
      "episodeNumber": "5"
    }, {
      "@id": "_:b58",
      "alternativeHeadline": "第4回　開戦・リーダーたちの迷走",
      "episodeNumber": "4"
    }, {
      "@id": "_:b59",
      "alternativeHeadline": "第1回　“外交敗戦”孤立への道",
      "episodeNumber": "1"
    }, {
      "@id": "_:b6",
      "actor": "【出演】武田真一、村瀬歩、ローズ伯爵、木村良平、花守ゆみり、悠木碧、河野のぞみ（キャラクターデザイン）、岸誠二（監督）、福岡大生（シリーズディレクター）【声の出演】廣瀬智美",
      "alternativeHeadline": "「魔入りました！入間くん」「ラディアン２」"
    }, {
      "@id": "_:b60",
      "alternativeHeadline": "第2回　巨大組織“陸軍”　暴走のメカニズム",
      "episodeNumber": "2"
    }, {
      "@id": "_:b61",
      "alternativeHeadline": "ロストスター ＆ KID",
      "episodeNumber": "3"
    }, {
      "@id": "_:b62",
      "actor": "【出演】ジェフマニング【声の出演】金光宣明、恒松あゆみ",
      "alternativeHeadline": "激動のポケモンアニメの平成史～放送日が日曜ゆうがた６時に～ポケットモンスター・ポケモンゲット史ポケットモンスター・旅の仲間史ポケットモンスター・ライバル史"
    }, {
      "@id": "_:b63",
      "actor": "【出演】あばれる君、中川翔子、大谷凜香、ヒャダイン【声の出演】山上智【声の出演】松本梨香、大谷育江、林原めぐみ、三木眞一郎、犬山イヌコ、小桜エツコ、愛河里花子、かないみか、三宅健太、古島清孝、佐藤健輔、藤村知可、真堂圭、石川界人、武隈史子、うえだゆうじ、豊島まさみ、氷上恭子、西村智奈美、逢坂良太、石塚運昇、本郷奏多、佐藤栞里、山寺宏一、古田新太【出演】岡崎体育",
      "alternativeHeadline": "＜ポケモンの家あつまる？＞１３日公開！！映画「劇場版ポケットモンスターみんなの物語」＜ポケモンの家あつまる？＞ポケモン映画超絶バトルの歴史！！＜ポケモンの家あつまる？＞【漫才】四千頭身＜ポケモンの家あつまる？＞映画「劇場版ポケットモンスターみんなの物語」公開直前！ポケモンたちのおでまし！！＜ポケモンの家あつまる？＞ポケモンたちと大なわとびにチャレンジ！！＜ポケモンの家あつまる？＞ポケモン映画に出てくる”おやつ”クイズ！！＜ポケモンの家あつまる？＞目からハイドロポンプ！歴代映画の感動シーン映画「劇場版ポケットモンスターキミにきめた！」",
      "track": "【音楽】ポルノグラフィティ「ブレス」【音楽】宮崎慎二【エンディング曲】林明日香「オラシオンのテーマ～共に歩こう～」【音楽】ポルノグラフィティ「ブレス」"
    }, {
      "@id": "_:b64",
      "actor": "【出演】生田輝、小山百代、三森すずこ、伊藤彩沙、小泉萌香、岩田陽葵、佐藤日向、相羽あいな、富田麻帆",
      "alternativeHeadline": "少女☆歌劇レヴュースタァライト放送直前特番",
      "track": "【音楽】「ＳｔａｒＤｉｖｉｎｅ」、「よろしく九九組」、「ディスカバリー！」"
    }, {
      "@id": "_:b65",
      "alternativeHeadline": "・第13話/「御狐神くん変化」、「スイッチ」、「おままごと」",
      "contributor": "[音楽]中川幸太郎 ／ [音楽制作]アニプレックス ／ [音響監督]飯田里樹"
    }, {
      "@id": "_:b66",
      "alternativeHeadline": "[後編]",
      "episodeNumber": "2"
    }, {
      "@id": "_:b67",
      "alternativeHeadline": "[前編]",
      "episodeNumber": "1"
    }, {
      "@id": "_:b68",
      "alternativeHeadline": "よつぎドール 其ノ貳　第体話",
      "episodeNumber": "2"
    }, {
      "@id": "_:b69",
      "actor": "【声の出演】松本梨香、山下大輝、大谷育江、花澤香菜、中村悠一",
      "alternativeHeadline": "サトシとゴウ、ルギアでゴー！",
      "track": "【音楽】林ゆうき"
    }, {
      "@id": "_:b7",
      "alternativeHeadline": "冬休みは映画館でチェンジ！シンカリオン！！ＳＰ",
      "track": "【音楽】ＢＯＹＳＡＮＤＭＥＮ「ガッタンゴットンＧＯ！」"
    }, {
      "@id": "_:b70",
      "alternativeHeadline": "　　　　"
    }, {
      "@id": "_:b71",
      "actor": "【出演】尾崎由香【声の出演】内田彩【出演】根本流風、佐々木未来、小野早稀、石川由依、小池理子【出演】築田行子、田村響華",
      "alternativeHeadline": "けものフレンズ２＃０・～尾崎由香、サーバルに会いに行く！～"
    }, {
      "@id": "_:b72",
      "alternativeHeadline": "よつぎドール 其ノ肆　第体話",
      "episodeNumber": "4"
    }, {
      "@id": "_:b73",
      "alternativeHeadline": "よつぎドール 其ノ壹　第体話",
      "episodeNumber": "1"
    }, {
      "@id": "_:b74",
      "alternativeHeadline": "よつぎドール 其ノ參　第体話",
      "episodeNumber": "3"
    }, {
      "@id": "_:b75",
      "actor": "【出演】松澤千晶、オカリナ（おかずクラブ）、ゆいＰ（おかずクラブ）、おかずクラブ、林鼓子【声の出演】望田ひまり【声の出演】佐々木李子",
      "alternativeHeadline": "えもい新シーズン徹底紹介ＳＰ"
    }, {
      "@id": "_:b76",
      "alternativeHeadline": "雨あがりの約束",
      "contributor": "[演出]志村錠児 ／ [作画監督]本木久年 ／ [脚本]武上純希",
      "episodeNumber": "SB"
    }, {
      "@id": "_:b77",
      "alternativeHeadline": "Karte:4 ときには真珠のように",
      "episodeNumber": "4"
    }, {
      "@id": "_:b78",
      "alternativeHeadline": "Karte:2 勘当息子",
      "episodeNumber": "2"
    }, {
      "@id": "_:b79",
      "alternativeHeadline": "Karte:3 U-18は知っていた",
      "episodeNumber": "3"
    }, {
      "@id": "_:b8",
      "alternativeHeadline": "怪盗キッドスペシャル　魔女と探偵と怪盗と",
      "episodeNumber": "9"
    }, {
      "@id": "_:b80",
      "alternativeHeadline": "Karte:1 医者はどこだ!",
      "episodeNumber": "1"
    }, {
      "@id": "_:b81",
      "actor": "【出演】村瀬歩、木村良平、花守ゆみり、悠木碧【声の出演】廣瀬智美",
      "alternativeHeadline": "「魔入りました！入間くん」「ラディアン２」"
    }, {
      "@id": "_:b82",
      "actor": "【声の出演】田谷隼、寿美菜子、浅井孝行、南部雅一、村田志織、宮里駿、田中正彦、岩崎ひろし",
      "alternativeHeadline": "王様とファイアーワーム",
      "episodeNumber": "＃７"
    }, {
      "@id": "_:b83",
      "actor": "【声の出演】田谷隼、寿美菜子、浅井孝行、南部雅一、村田志織、宮里駿、阪口周平、佐野康之、深谷悠、宮本克哉、広瀬淳",
      "alternativeHeadline": "問題児グスタフ",
      "episodeNumber": "＃６"
    }, {
      "@id": "_:b84",
      "actor": "【声の出演】田谷隼、寿美菜子、浅井孝行、南部雅一、村田志織、宮里駿",
      "alternativeHeadline": "夜が更けたら",
      "episodeNumber": "＃４"
    }, {
      "@id": "_:b85",
      "actor": "【声の出演】田谷隼、寿美菜子、浅井孝行、南部雅一、村田志織、宮里駿、田中正彦、岩崎ひろし、花藤蓮、佐野康之、橘あんり、宮本克哉、広瀬淳",
      "alternativeHeadline": "誕生！バーク島最強の男！",
      "episodeNumber": "＃５"
    }, {
      "@id": "_:b86",
      "alternativeHeadline": "平成みこし合戦",
      "contributor": "[演出]森田浩光 ／ [作画監督]岡田誠司 ／ [脚本]武上純希",
      "episodeNumber": "SD"
    }, {
      "@id": "_:b87",
      "alternativeHeadline": "ぼくたちの結婚式",
      "contributor": "[演出]笠山葉一 ／ [作画監督]本木久年 ／ [脚本]武上純希",
      "episodeNumber": "SC"
    }, {
      "@id": "_:b88",
      "alternativeHeadline": "コボなぞ城の謎",
      "contributor": "[演出]山田章夫 ／ [作画監督]本木久年 ／ [脚本]武上純希",
      "episodeNumber": "SA"
    }, {
      "@id": "_:b89",
      "alternativeHeadline": "キラー",
      "episodeNumber": "2"
    }, {
      "@id": "_:b9",
      "alternativeHeadline": "「たまのをよ」",
      "episodeNumber": "1"
    }, {
      "@id": "_:b90",
      "actor": "【出演】カミナリ、竹内まなぶ（カミナリ）、石田たくみ（カミナリ）、スーパーササダンゴマシン（プロレスラー）、小池美由、東京ホテイソン、たける（東京ホテイソン）、ショーゴ（東京ホテイソン）【声の出演】バーツ林",
      "alternativeHeadline": "カードファイト！！ヴァンガード・魅力をプレゼンカードファイト！！ヴァンガード・丸わかりプレゼン・スーパーササダンゴマシンカードファイト！！ヴァンガード・丸わかりプレゼン・小池美由橘田いずみのきき餃子カードファイト！！ヴァンガード・丸わかりプレゼン・東京ホテイソンカードファイト！！ヴァンガード・優秀プレゼンター・発表"
    }, {
      "@id": "_:b91",
      "alternativeHeadline": "第３１話・発進！！シンカリオン５００ＴＹＰＥＥＶＡ"
    }, {
      "@id": "_:b92",
      "alternativeHeadline": "＜これまでの映画を振り返り！＞これが原点だ！！妖怪ウォッチ誕生の秘密＜これまでの映画を振り返り！＞妖魔界の頂点！！エンマ大王の物語＜これまでの映画を振り返り！＞実写とアニメが入れ替わり！？けあな世界を大冒険＜これまでの映画を振り返り！＞最恐の鬼王復活！！呼び覚ませシャドウサイド",
      "track": "【音楽】東方神起「大好きだった」"
    }, {
      "@id": "_:b93",
      "alternativeHeadline": "・激闘!プレデター対アマリージョ",
      "contributor": "[音楽]ジェイムス下地 ／ [音響監督]井澤 基"
    }, {
      "@id": "_:b94",
      "actor": "【出演】水野勝（ＢＯＹＳＡＮＤＭＥＮ）、辻本達規（ＢＯＹＳＡＮＤＭＥＮ）、勇翔（ＢＯＹＳＡＮＤＭＥＮ）【出演】関智一、船越英一郎【声の出演】森圭介【声の出演】森功至、杉山佳寿子、佐々木功、塩屋翼、兼本新吾、大平透、田中信夫、寺島幹夫、芹川洋、横井光夫、木下秀雄【声の出演】西川幾雄、内海賢二、塚田恵美子、立壁和也、加藤修、森功至、岡本茉利、仲木隆司、納谷悟朗【声の出演】曽我部和行、青野武、落合美穂、雨森雅司、石井敏郎、島木綿子、徳丸完、笹岡繁蔵、宮下勝【声の出演】上田みゆき、山田康雄、内海賢二、中江真司、滝口順平、桑原たけし、小宮和枝、徳丸完、藤本譲、浅井淑子、田浦環",
      "alternativeHeadline": "＜科学忍者隊ガッチャマン＞地球消滅０００２＜新造人間キャシャーン＞戦火に響け協奏曲＜破裏拳ポリマー＞稲妻怪人ピカデール＜宇宙の騎士テッカマン＞失われた宇宙船",
      "track": "【音楽】ＢＯＹＳＡＮＤＭＥＮ「友ありて・・」【音楽】子門真人「ガッチャマンの歌」（コロムビア・レコード）、ボブ佐久間【音楽】コロムビアゆりかご会「倒せ！ギャラクター」（コロムビア・レコード）【音楽】ささきいさお「たたかえ！キャシャーン」（コロムビア・レコード）、菊池俊輔【音楽】ささきいさお「おれは改造人間」（コロムビア・レコード）【音楽】ささきいさお・コロムビアゆりかご会「戦え！ポリマー」【音楽】ささきいさお・コロムビアゆりかご会「転身ポリマー」【音楽】水木一郎・コロムビアゆりかご会「テッカマンの歌スペーツナイツの歌」"
    }, {
      "@id": "_:b95",
      "actor": "【出演】三池崇史（映画監督）、稲積君将（アニメーター）、小桜エツコ、渡部優衣、千菅春香、豊永利行【声の出演】安達祐実、飯島肇",
      "alternativeHeadline": "プチプチ・アニメスペシャル～映画監督三池崇史のおくりもの～"
    }, {
      "@id": "_:b96",
      "actor": "【出演】吉田尚記（ニッポン放送アナウンサー）、最上もが、醍醐虎汰朗【声の出演】日高のり子【出演】梶裕貴、中村悠一",
      "alternativeHeadline": "ＤＩＶＥｔｏＰＳＹＣＨＯ－ＰＡＳＳ・第三期＃００＜ＰＳＹＣＨＯ－ＰＡＳＳサイコパス３＞＃０１・ダイジェスト",
      "track": "【エンディング曲】ＣｏｓｈｕＮｉｅ「ｂｕｌｌｅｔ」【音楽】菅野祐悟"
    }, {
      "@id": "_:b97",
      "actor": "【出演】たける（東京ホテイソン）、ショーゴ（東京ホテイソン）、東京ホテイソン、竹内まなぶ（カミナリ）、石田たくみ（カミナリ）、カミナリ、小池美由【声の出演】前田誠二【声の出演】バーツ林",
      "alternativeHeadline": "＜真夏の課外授業ＳＰ＞サーフィン対決＜真夏の課外授業ＳＰ＞３０秒で分かるタレント紹介コーナー・東京ホテイソン＜真夏の課外授業ＳＰ＞イージー浮遊体験に挑戦＜真夏の課外授業ＳＰ＞３０秒で分かるタレント紹介コーナー・小池美由＜真夏の課外授業ＳＰ＞リアルＶＦグローブでスイカ割り対決＜真夏の課外授業ＳＰ＞３０秒で分かるタレント紹介コーナー・カミナリ＜真夏の課外授業ＳＰ＞１０年前の写真で思いでトーク"
    }, {
      "@id": "_:b98",
      "actor": "【声の出演】花江夏樹【出演】神谷浩史【出演】島崎信長【出演】桜井弘明（監督）",
      "alternativeHeadline": "まずはどんなアニメかおさらい！アニメ「斉木楠雄のΨ難」第２期放送スタート！"
    }, {
      "@id": "_:b99",
      "alternativeHeadline": "[後編]",
      "episodeNumber": "2"
    }, {
      "@id": "https://mediaarts-db.bunka.go.jp/id/C7148",
      "@type": "class:AnimationTVSpecialSeries",
      "label": "コボちゃんスペシャル 祭りがいっぱい!",
      "identifier": "C7148",
      "additionalType": "class:AN",
      "genre": "アニメテレビ単発（スペシャル）シリーズ",
      "numberOfPrograms": "1",
      "originalWorkCreator": "[原作]植田まさし",
      "programDuration": "55",
      "source": "社内資料",
      "contributor": "[原作]植田まさし 読売新聞連載 蒼鷹社 ／ [総監督]森田浩光 ／ [脚本]武上純希 ／ [キャラクター設定]柳瀬譲二 ／ [総作画監督]柳瀬譲二 ／ [美術監督]遠藤守俊 ／ [音楽]神林早人",
      "copyrightHolder": "植田まさし/植田プロダクション・エイケンン",
      "creator": "[監督]森田浩光",
      "datePublished": "1994-09-15",
      "hasPart": [
        "_:b86",
        "_:b87",
        "_:b76",
        "_:b88"
      ],
      "isPartOf": "https://mediaarts-db.bunka.go.jp/id/C1074",
      "name": [
        "コボちゃんスペシャル 祭りがいっぱい!", {
          "@language": "ja-hrkt",
          "@value": "コボチャンスペシャル マツリガイッパイ!"
        }
      ],
      "numberOfEpisodes": "4",
      "numberOfItems": "1",
      "publisher": "YTV・NTV系",
      "startDate": "1994-09-15",
      "track": "・OP　／　・ニッポン チャ!チャ!チャ!　／　・作詞（日本語詞）/平出よしかつ　／　・作曲/マリオ＆ピエール・ニグロ　／　・編曲/岩崎元是　／　・歌/岩崎元是　／　・ED　／　・ガンバレ男の子　／　・作詞/雄鹿美子　／　・作曲/前田克樹　／　・編曲/藤原いくろう　／　・歌/大谷育江"
    }, {
      "@id": "https://mediaarts-db.bunka.go.jp/id/C7149",
      "@type": "class:AnimationTVSpecialSeries",
      "label": "トキ この地球の未来を見つめて",
      "identifier": "C7149",
      "additionalType": "class:AN",
      "genre": "アニメテレビ単発（スペシャル）シリーズ",
      "note": "スタッフの辻は一点しんにょう",
      "source": "アニメアワード投票用データ　／　年間パーフェクト・データ（AWD+APDY）",
      "actor": "【男の子A】高乃 麗 ／ 【男の子B】増田 ゆき ／ 【女の子A】長沢 美樹 ／ 【女の子B】川上 未遊〈弥生〉 ／ 【花】増田 ゆき ／ 【トキ】下山 吉光 ／ 【ウサギ】高乃 麗〈奈良〉 ／ 【磐 丸】関 智一 ／ 【船 瀬】松島 みのり〈平安〉 ／ 【小 鹿】長沢 美樹 ／ 【若 王】千葉 進歩〈戦国〉 ／ 【玄 斎】緒方 賢一 ／ 【り く】増田 ゆき ／ 【弥 助】高乃 麗〈大阪夏の陣〉 ／ 【金 太】高乃 麗 ／ 【志 保】佐々木 瑤子 ／ 【八郎太】HILUMA〈江戸〉 ／ 【長 女】増田 ゆき ／ 【次 女】長沢 美樹 ／ 三 女 （川上 未遊）〈明治・大正・昭和〉 ／ 【朝太郎（少年）】皆川 純子 ／ 【朝之助】遠近 孝一 ／ 【琴】長沢 美樹 ／ 【ナレーション】吉田 日出子",
      "contributor": "[脚本]長坂秀佳 ／ [構成]相馬和彦 ／ [構成]新宅純一 ／ [構成]砂山蔵澄 ／ [ナレーションダイアローグ]関口準 ／ [監督]杉井ギサブロー ／ [演出]前田康成（「縄文・弥生・奈良」「江戸」） ／ [監督]辻伸一（「平安・戦国」）※「辻」はしんにょうの点が2つ ／ [監督]江口摩吏介（「大阪夏の陣」） ／ [監督]有原誠治（「明治・大正・昭和」） ／ [キャラクターデザイン]前田康成（「縄文・弥生・奈良」「江戸」） ／ [キャラクターデザイン]辻伸一（「平安・戦国」）※「辻」はしんにょうの点が2つ ／ [キャラクターデザイン]江口摩吏介（「大阪夏の陣」） ／ [キャラクターデザイン]有原誠治（「明治・大正・昭和」） ／ [美術]阿部行夫 ／ [美術]前田康成（「江戸」） ／ [音楽]東野克 ／ [音楽]池田浩雄 ／ [音楽]森朗",
      "datePublished": "2003-12-20",
      "endDate": "2003-12-27",
      "hasPart": [
        "_:b66",
        "_:b67"
      ],
      "isPartOf": "https://mediaarts-db.bunka.go.jp/id/C2786",
      "name": [ {
          "@language": "ja-hrkt",
          "@value": "トキコノホシノミライヲミツメテ"
        },
        "トキ この地球の未来を見つめて"
      ],
      "startDate": "2003-12-20",
      "track": "OP「トキ色の未来へ」　／　ED「僕らのカタチ」 歌 LEGOLGEL〈縄文〉"
    }, {
      "@id": "https://mediaarts-db.bunka.go.jp/id/C7150",
      "@type": "class:AnimationTVSpecialSeries",
      "label": "ブラックジャック スペシャル ～命をめぐる4つの奇跡～",
      "identifier": "C7150",
      "additionalType": "class:AN",
      "genre": "アニメテレビ単発（スペシャル）シリーズ",
      "source": "アニメアワード投票用データ　／　年間パーフェクト・データ（AWD+APDY）",
      "actor": "【マスター】富田 耕生 ／ 【手塚治虫】手塚 眞",
      "contributor": "[原作]手塚治虫※「塚」は右側中央部に点がつきます ／ [監督]手塚眞 ／ [チーフディレクター]桑原智※桑原はシリーズ以降に参加 ／ [メインキャラクターデザイン]神村幸子（スペシャル時は「キャラクターデザイン」と表記） ／ [美術]斉藤雅巳（シリーズのみ） ／ [美術]柴田正人 ／ [音楽]松本晃彦",
      "datePublished": "2003-12-22",
      "endDate": "2003-12-22",
      "hasPart": [
        "_:b77",
        "_:b78",
        "_:b79",
        "_:b80"
      ],
      "isPartOf": "https://mediaarts-db.bunka.go.jp/id/C1562",
      "name": [ {
          "@language": "ja-hrkt",
          "@value": "ブラックジャックニジカンスペシャル　イノチヲメグルヨッツノキセキ"
        },
        "ブラックジャック スペシャル ～命をめぐる4つの奇跡～"
      ],
      "startDate": "2003-12-22",
      "track": "OP「THE THEME FOR B.J.」 演奏 松本 孝弘　／　ED「ROOTS」 歌 B'z"
    }, {
      "@id": "https://mediaarts-db.bunka.go.jp/id/C7151",
      "@type": "class:AnimationTVSpecialSeries",
      "label": "[「NHKスペシャル 日本は なぜ 戦争へと向かったのか」内アニメ]",
      "identifier": "C7151",
      "additionalType": "class:AN",
      "genre": "アニメテレビ単発（スペシャル）シリーズ",
      "source": "アニメアワード投票用データ　／　年間パーフェクト・データ（AWD+APDY）",
      "actor": "【語り】松平定知 ／ 小山力也",
      "contributor": "[アニメーション]白組 ／ [アニメーション]白組 ／ [音楽]加古隆",
      "datePublished": "2011-01-09",
      "endDate": "2011-08-15",
      "hasPart": [
        "_:b57",
        "_:b58",
        "_:b39",
        "_:b59",
        "_:b60"
      ],
      "isPartOf": "https://mediaarts-db.bunka.go.jp/id/C4522",
      "name": [
        "[「NHKスペシャル 日本は なぜ 戦争へと向かったのか」内アニメ]", {
          "@language": "ja-hrkt",
          "@value": "エヌエイチケイ スペシャル ニホンハ ナゼ センソウヘトムカッタノカ"
        }
      ],
      "startDate": "2011-01-09"
    }, {
      "@id": "https://mediaarts-db.bunka.go.jp/id/C7152",
      "@type": "class:AnimationTVSpecialSeries",
      "label": "名探偵コナン　スペシャル　[まじっく快斗]",
      "identifier": "C7152",
      "additionalType": "class:AN",
      "genre": "アニメテレビ単発（スペシャル）シリーズ",
      "source": "アニメアワード投票用データ　／　年間パーフェクト・データ（AWD+APDY）",
      "actor": "【黒羽快斗】山口勝平 ／ 【中森銀三】石塚運昇 ／ 【中森青子】藤村 歩 ／ 【白馬 探】石田 彰 ／ 【紺野刑事】中谷一博 ／ 【山吹刑事】平井啓二 ／ 【白馬警視総監】長嶝高士 ／ 【黒羽盗一】池田秀一 ／ 【黒羽千影】富沢美智恵 ／ 【寺井黄之介】矢田耕司 ／ 【小泉紅子】沢城みゆき ／ 【スパイダー】浪川大輔 ／ 【スネイク】大塚芳忠",
      "contributor": "[原作]青山剛昌 ／ [シリーズ構成]宮下隼一 ／ [監督]平野俊貴 ／ [キャラクターデザイン]須藤昌朋 ／ [キャラクターデザイン]牟田清司 ／ [美術監督]植田秀蔵 ／ [背景美術チーフ]渡邊聡 ／ [音楽]梅堀淳",
      "datePublished": "2014-04-24",
      "endDate": "2012-12-29",
      "hasPart": [
        "_:b10",
        "_:b11",
        "_:b12",
        "_:b13",
        "_:b14",
        "_:b15",
        "_:b8"
      ],
      "isPartOf": "https://mediaarts-db.bunka.go.jp/id/C1849",
      "name": [
        "名探偵コナン　スペシャル　[まじっく快斗]", {
          "@language": "ja-hrkt",
          "@value": "メイタンテイコナン スペシャル ナツノカイトウキッドマツリ"
        }
      ],
      "publisher": "YTV",
      "startDate": "2014-04-24",
      "track": "OP1 「Misty Mystery」　歌　GARNET CROW　／　ED1 「Your Best Friend」　　／　OP2 「君の涙に　 こんなに恋してる」　歌　なついろ　／　ED2 「恋に恋して」歌　倉木麻衣　　／　IS1 「怪盗キッドの予告状'07」　／　IS2 「怪盗キッド出現'07」　作曲・編曲・演奏:大野克夫"
    }, {
      "@id": "https://mediaarts-db.bunka.go.jp/id/C7153",
      "@type": "class:AnimationTVSpecialSeries",
      "label": "ポケモンレンジャー 光の軌跡",
      "identifier": "C7153",
      "additionalType": "class:AN",
      "genre": "アニメテレビ単発（スペシャル）シリーズ",
      "source": "アニメアワード投票用データ　／　年間パーフェクト・データ（AWD+APDY）",
      "actor": "【ナ ツ ヤ】羽染 達也 ／ 【シンバラ教授】中田 譲治 ／ 【レッドアイ】小野 大輔 ／ 【ナッパーズ】古島 清孝 ／ 【ナッパーズ】西墻 由香 ／ 【ピチュー】真堂 圭 ／ 【ナレーション】増谷 康紀",
      "contributor": "[原案]株式会社クリーチャーズ ／ [脚本]冨岡淳広 ／ [総監督]湯山邦彦 ／ [監督]須藤典彦 ／ [演出]小山賢 ／ [キャラクターデザイン]山田俊也 ／ [美術監督]金村勝義",
      "datePublished": "2010-02-28",
      "endDate": "2010-03-07",
      "hasPart": [
        "_:b99",
        "_:b20"
      ],
      "isPartOf": "https://mediaarts-db.bunka.go.jp/id/C1985",
      "name": [ {
          "@language": "ja-hrkt",
          "@value": "ポケモンレンジャー ヒカリノキセキ"
        },
        "ポケモンレンジャー 光の軌跡"
      ],
      "startDate": "2010-02-28"
    }, {
      "@id": "https://mediaarts-db.bunka.go.jp/id/C7154",
      "@type": "class:AnimationTVSpecialSeries",
      "label": "蒼い世界の　中心で",
      "identifier": "C7154",
      "additionalType": "class:AN",
      "genre": "アニメテレビ単発（スペシャル）シリーズ",
      "note": "スタッフの辻は一点しんにょう",
      "periodDisplayed": "2、3話ともにTOKYO MXにて木曜23:00～23:30に放映。",
      "source": "アニメアワード投票用データ　／　年間パーフェクト・データ（AWD+APDY）",
      "actor": "【ギア】岡本信彦 ／ 【テジロフ】下野 紘 ／ 【ネル】三森すずこ ／ 【オパール】橘田いずみ ／ 【ラムセス】門田幸子 ／ 【D・フィッシャー】安元洋貴 ／ 【ヴァイズ】大下孝太 ／ 【ギアの父】アレックス （小山力也） ／ 【ギアの母】氷上恭子 ／ 【ナレーション】ゼリグ （子安武人）",
      "datePublished": "2012-10-20",
      "endDate": "2013-04-04",
      "hasPart": [
        "_:b89",
        "_:b61"
      ],
      "isPartOf": "https://mediaarts-db.bunka.go.jp/id/C4781",
      "name": [ {
          "@language": "ja-hrkt",
          "@value": "アオイセカイノチュウシンデ　ダイサンワ　ロストタワー　アンド　キッド"
        },
        "蒼い世界の　中心で"
      ],
      "productionCompany": "[アニメーション制作]フィフスアベニュー ／ [製作]teamクリムゾン[ロゴ]",
      "startDate": "2012-10-20",
      "track": "OP 「retrospective world」　歌:ギア（CV:岡本信彦）　＆テジロフ（CV:下野　紘）　／　ED『0と1の花』　歌:オパール （CV:橘田いずみ）　＆ネル （CV:三森すずこ）"
    }, {
      "@id": "https://mediaarts-db.bunka.go.jp/id/C7155",
      "@type": "class:AnimationTVSpecialSeries",
      "label": "BLOOD-C　[総集編]",
      "identifier": "C7155",
      "additionalType": "class:AN",
      "genre": "アニメテレビ単発（スペシャル）シリーズ",
      "periodDisplayed": "劇場版公開にあわせた総集編。前編は2012/5/27(日)　０：30～1：00にTOKYO MX、とちぎテレビ、群馬テレビ、ＢＳ11、テレビ愛知にて放映。後編は2012/5/31(木)　２：30～３：00にテレビ愛知、6/1(金)　３：00～３：30にTOKYO MX、6/2(土)　23：30～０：00にＢＳ11にて放映。",
      "source": "アニメアワード投票用データ　／　年間パーフェクト・データ（AWD+APDY）",
      "actor": "【小夜】水樹奈々 ／ 【七原文人】野島健児 ／ 【柊真奈】橋本 愛 ／ 【殯蔵人】神谷浩史 ／ 【松尾伊織】中村悠一 ／ 【藤村駿】梶 裕貴 ／ 【月山比呂】花澤香菜 ／ 【矢薙春乃】甲斐田裕子 ／ 【犬】福山 潤 ／ 【網埜優花】浅野真澄 ／ 【九頭】諏訪部順一 ／ ◆◆◆◆ ／ 【更衣唯芳】藤原啓治 ／ 【求衛のの】福圓美里 ／ 【求衛ねね】福圓美里 ／ 【鞆総逸樹】阿部 敦 ／ 【時真慎一郎】鈴木達央 ／ 【筒鳥香奈子】宮川美保 ／ 【犬】福山 潤",
      "datePublished": "2012-05-27",
      "endDate": "2012-05-31",
      "hasPart": [
        "_:b42",
        "_:b9"
      ],
      "isPartOf": "https://mediaarts-db.bunka.go.jp/id/C2421",
      "name": [ {
          "@language": "ja-hrkt",
          "@value": "ブラッドＣ　[ソウシュウヘン]"
        },
        "BLOOD-C　[総集編]"
      ],
      "startDate": "2012-05-27",
      "track": "OP 「spiral」　DUSTZ　／　ED 「純潔パラドックス」　水樹奈々"
    }, {
      "@id": "https://mediaarts-db.bunka.go.jp/id/C7156",
      "@type": "class:AnimationTVSpecialSeries",
      "label": "憑物語[ツキモノガタリ]  よつぎドール",
      "identifier": "C7156",
      "additionalType": "class:AN",
      "genre": "アニメテレビ単発（スペシャル）シリーズ",
      "originalWorkCreator": "[原作]西尾維新",
      "originalWorkName": "[原作]西尾維新",
      "periodDisplayed": "2014年12月31日　火曜22時00分～・TOKYO MX／118分枠",
      "programDuration": "118",
      "source": "年間パーフェクト・データ（SRPDY2014）",
      "actor": "【阿良々木　暦】神谷浩史 ／ 【斧乃木余接】早見沙織 ／ 【戦場ヶ原ひたぎ】斎藤千和 ／ 【忍野　忍】坂本真綾 ／ 【阿良々木火憐】喜多村英梨 ／ 【阿良々木月火】井口裕香 ／ 【影縫余弦】白石涼子 ／ 【忍野　扇】水橋かおり ／ 【手折正弦】子安武人",
      "alternativeHeadline": "[タイトル（改行を含む）]憑 ツキモノ 物 ガタリ 語／　よつぎドール",
      "contributor": "[構成]東冨耶子 ／ [構成]新房昭之 ／ [脚本]木澤行人 ／ [脚本]中本宗応 ／ [総監督]新房昭之 ／ [監督]板村智幸 ／ [演出]宮本幸裕 ／ [演出]岡田堅二朗 ／ [演出]大橋一輝 ／ [演出]板村智幸 ／ [絵コンテ]黒沢守 ／ [絵コンテ]関野昌弘 ／ [絵コンテ]久保山英一 ／ [絵コンテ]数井浩子 ／ [絵コンテ]板村智幸 ／ [キャラクター原案]VOFAN ／ [キャラクターデザイン・総作画監督]渡辺明夫 ／ [総作画監督]岩崎たいすけ ／ [メインアニメーター]松浦力 ／ [メインアニメーター]小堺能夫 ／ [メインアニメーター]新垣一成 ／ [作画監督]岩崎たいすけ ／ [作画監督]新垣一成 ／ [作画監督]高野晃久 ／ [作画監督]西澤真也 ／ [作画監督]小堺能夫 ／ [作画監督]宮嶋仁志 ／ [作画監督]吉田南 ／ [作画監督]澤田美香 ／ [作画監督]小岩井マサキ ／ [作画監督]高野晃久 ／ [作画監督]渡辺絵美 ／ [作画監督]牛島希 ／ [作画監督]築山翔太 ／ [作画監督]宮井加奈 ／ [作画監督]安食圭 ／ [美術設定]大原盛仁 ／ [プロダクションデザイン]武内宣之 ／ [美術監督]内藤健 ／ [音楽]羽岡 佳 ／ [アニメーション制作]シャフト ／ [製作]アニプレックス ／ [製作]講談社 ／ [製作]シャフト",
      "creator": "[監督]板村智幸",
      "datePublished": "2014-12-31",
      "hasPart": [
        "_:b68",
        "_:b72",
        "_:b73",
        "_:b74"
      ],
      "isPartOf": "https://mediaarts-db.bunka.go.jp/id/C3542",
      "name": [
        "憑物語[ツキモノガタリ]  よつぎドール", {
          "@language": "ja-hrkt",
          "@value": "ツキモノガタリ ヨツギドール"
        }
      ],
      "numberOfEpisodes": "4",
      "productionCompany": "[アニメーション制作]シャフト ／ [製作]アニプレックス ／ [製作]講談社 ／ [製作]シャフト",
      "publisher": "MX",
      "startDate": "2014-12-31",
      "track": "OP「オレンジミント」 歌 斧乃木余接 （早水沙織）　／　ED「border」 ClariS"
    }, {
      "@id": "https://mediaarts-db.bunka.go.jp/id/C7157",
      "@type": "class:AnimationTVSpecialSeries",
      "label": "Double Circle",
      "identifier": "C7157",
      "additionalType": "class:AN",
      "genre": "アニメテレビ単発（スペシャル）シリーズ",
      "note": "東芝の製作・著作による、川崎市が舞台のオリジナルアニメ。スマートコミュニティをテーマに描く。2013年12月19日、2014年1月27日、2014年5月8日、2014年6月1日、2014年8月29日、2014年9月26日にYouTubeにて全6話が順に配信された後、前半3話、後半3話をそれぞれまとめたテレビ版・前後編がtvkと沖縄テレビで放映された。　／　[ここまで年間パーフェクトデータより]",
      "periodDisplayed": "前編:2014年9月28日　日曜11時00分～・tvk／30分枠　2014年10月1日　水曜00時43分～・沖縄テレビ／30分枠　後編:2014年10月12日　日曜11時00分～・tvk／30分枠　2014年10月11日　土曜09時55分～・沖縄テレビ／30分枠",
      "programDuration": "30",
      "source": "年間パーフェクト・データ（SRPDY2014）",
      "actor": "【アサギ】岡本　信彦 ／ 【エム】浪川　大輔 ／ 【アカネ】瀬戸麻沙美 ／ 【ナノハ】斎藤　千和 ／ 【玉虫姫】堀江　由衣",
      "alternativeHeadline": "[タイトル（改行を含む）]Double Circle",
      "contributor": "*TV放映版のクレジット ／ [企画・製作総指揮]荒井孝文 ／ [キャラクター原案]キナコ ／ [スーツデザイン]まいけるからわた ／ [シリーズ構成・脚本]本田雅也 ／ [監督]イワサキトモカズ ／ [演出]荻原露光[前編] ／ [演出]鈴木吉男（第五話）[後編] ／ [演出]岩崎トモカズ（第六話）[後編] ／ [絵コンテ]町谷俊輔 ／ [キャラクターデザイン]水口桂[前編] ／ [キャラクターデザイン]難波聖美[後編] ／ [作画監督]宇都木勇[前編] ／ [作画監督]難波聖美[後編] ／ [美術監督]吉田美千子 （スタジオちゅーりっぷ）[前編] ／ [美術監督]九重勝雄[後編] ／ [制作協力]ライジングフォース[前 ／ [制作協力]drop[前編] ／ *配信版のクレジット ／ [企画・製作総指揮]荒井孝文 ／ [キャラクター原案]キナコ ／ [スーツデザイン]まいけるからわた ／ [シリーズ構成・脚本]本田 雅也 ／ [演出]望都ゆたか[1話] ／ [演出]イワサキトモカズ[2話] ／ [演出]荻原露光[3話] ／ [演出]鈴木吉男[4、5話] ／ [演出]岩崎トモカズ[6話] ／ [絵コンテ]まつもとよしひさ[1、2話] ／ [絵コンテ]町谷俊輔[3話] ／ [絵コンテ]本田雅也[6話] ／ [監督]夏輝[1、2話] ／ [監督]イワサキトモカズ[2～4話] ／ [監督]岩崎トモカズ[5、6話] ／ [キャラクターデザイン]水口桂[1～4話] ／ [キャラクターデザイン]難波聖美[5、6話] ／ [作画監督]水口桂[1、2話] ／ [作画監督]宇都木勇[3話] ／ [作画監督]木村正人[4話] ／ [作画監督]難波聖美[5、6話] ／ [美術監督]吉田美千子 （スタジオちゅーりっぷ）[1～4話] ／ [美術監督]九重勝雄[5、6話] ／ [制作協力]ライジングフォース[1～4話] ／ [制作協力]drop[3話] ／ [アニメーション制作]DropWave[前編] ／ [アニメーション制作]スタジオ雲雀[後編] ／ [制作]DropWave[後編] ／ [製作・著作]TOSHIBA ／ *配信版のクレジット ／ [アニメーション制作]DropWave[1～4話] ／ [アニメーション制作]スタジオ雲雀[5、6話] ／ [制作]DropWave[5、6話] ／ [製作・著作]TOSHIBA",
      "creator": "[監督]イワサキトモカズ",
      "datePublished": "2014-09-28",
      "hasPart": [
        "_:b47",
        "_:b49",
        "_:b50",
        "_:b51",
        "_:b52",
        "_:b53"
      ],
      "isPartOf": "https://mediaarts-db.bunka.go.jp/id/C5915",
      "name": [
        "Double Circle", {
          "@language": "ja-hrkt",
          "@value": "ダブルサークル"
        }
      ],
      "numberOfEpisodes": "6",
      "productionCompany": "[アニメーション制作]DropWave[前編] ／ [アニメーション制作]スタジオ雲雀[後編] ／ [制作]DropWave[後編] ／ [製作・著作]TOSHIBA ／ *配信版のクレジット ／ [アニメーション制作]DropWave[1～4話] ／ [アニメーション制作]スタジオ雲雀[5、6話] ／ [制作]DropWave[5、6話] ／ [製作・著作]TOSHIBA",
      "publisher": "OTV",
      "startDate": "2014-09-28",
      "track": "ED「EVER」 歌 FANG"
    }, {
      "@id": "https://mediaarts-db.bunka.go.jp/id/C441042",
      "@type": "class:AnimationTVSpecialSeries",
      "label": "「斉木楠雄のΨ難」おかえりなΨスペシャル！",
      "identifier": "C441042",
      "additionalType": "class:AN",
      "genre": "アニメテレビ単発（スペシャル）シリーズ",
      "seriesName": "「斉木楠雄のΨ難」おかえりなΨスペシャル！",
      "datePublished": "2018-01-09",
      "hasPart": "_:b98",
      "name": "「斉木楠雄のΨ難」おかえりなΨスペシャル！"
    }, {
      "@id": "https://mediaarts-db.bunka.go.jp/id/C441043",
      "@type": "class:AnimationTVSpecialSeries",
      "label": "「ポケットモンスター」スタートダッシュ！",
      "identifier": "C441043",
      "additionalType": "class:AN",
      "genre": "アニメテレビ単発（スペシャル）シリーズ",
      "seriesName": "「ポケットモンスター」スタートダッシュ！",
      "datePublished": "2019-12-29",
      "hasPart": "_:b69",
      "name": "「ポケットモンスター」スタートダッシュ！"
    }, {
      "@id": "https://mediaarts-db.bunka.go.jp/id/C441044",
      "@type": "class:AnimationTVSpecialSeries",
      "label": "夏のスペシャル！ヒックとドラゴン：新たな世界へ！",
      "identifier": "C441044",
      "additionalType": "class:AN",
      "genre": "アニメテレビ単発（スペシャル）シリーズ",
      "seriesName": "夏のスペシャル！ヒックとドラゴン：新たな世界へ！",
      "datePublished": "2019-07-03",
      "hasPart": [
        "_:b1",
        "_:b82",
        "_:b40",
        "_:b83",
        "_:b54",
        "_:b84",
        "_:b85"
      ],
      "name": "夏のスペシャル！ヒックとドラゴン：新たな世界へ！"
    }, {
      "@id": "https://mediaarts-db.bunka.go.jp/id/C441045",
      "@type": "class:AnimationTVSpecialSeries",
      "label": "少女☆歌劇レヴュースタァライト第零話放送直前特番",
      "identifier": "C441045",
      "additionalType": "class:AN",
      "genre": "アニメテレビ単発（スペシャル）シリーズ",
      "seriesName": "少女☆歌劇レヴュースタァライト第零話放送直前特番",
      "datePublished": "2018-07-05",
      "hasPart": "_:b64",
      "name": "少女☆歌劇レヴュースタァライト第零話放送直前特番"
    }, {
      "@id": "https://mediaarts-db.bunka.go.jp/id/C441046",
      "@type": "class:AnimationTVSpecialSeries",
      "label": "１０本アニメスペシャル",
      "identifier": "C441046",
      "additionalType": "class:AN",
      "genre": "アニメテレビ単発（スペシャル）シリーズ",
      "seriesName": "１０本アニメスペシャル",
      "datePublished": "2018-03-11",
      "hasPart": [
        "_:b3",
        "_:b21",
        "_:b22",
        "_:b23",
        "_:b4",
        "_:b24",
        "_:b25",
        "_:b26",
        "_:b27",
        "_:b19",
        "_:b28",
        "_:b29",
        "_:b30",
        "_:b31",
        "_:b32",
        "_:b33",
        "_:b34",
        "_:b35",
        "_:b36",
        "_:b37",
        "_:b38"
      ],
      "name": "１０本アニメスペシャル"
    }, {
      "@id": "https://mediaarts-db.bunka.go.jp/id/C441047",
      "@type": "class:AnimationTVSpecialSeries",
      "label": "映画妖怪ウォッチ奇跡と感動の名場面大放出スペシャル",
      "identifier": "C441047",
      "additionalType": "class:AN",
      "genre": "アニメテレビ単発（スペシャル）シリーズ",
      "seriesName": "映画妖怪ウォッチ奇跡と感動の名場面大放出スペシャル",
      "datePublished": "2018-12-24",
      "hasPart": "_:b92",
      "name": "映画妖怪ウォッチ奇跡と感動の名場面大放出スペシャル"
    }, {
      "@id": "https://mediaarts-db.bunka.go.jp/id/C441048",
      "@type": "class:AnimationTVSpecialSeries",
      "label": "ＢＥＡＴＬＥＳＳ特別番組",
      "identifier": "C441048",
      "additionalType": "class:AN",
      "genre": "アニメテレビ単発（スペシャル）シリーズ",
      "seriesName": "ＢＥＡＴＬＥＳＳ特別番組",
      "datePublished": "2018-04-20",
      "hasPart": "_:b2",
      "name": "ＢＥＡＴＬＥＳＳ特別番組"
    }, {
      "@id": "https://mediaarts-db.bunka.go.jp/id/C441049",
      "@type": "class:AnimationTVSpecialSeries",
      "label": "ＢＳ１スペシャル",
      "identifier": "C441049",
      "additionalType": "class:AN",
      "genre": "アニメテレビ単発（スペシャル）シリーズ",
      "seriesName": "ＢＳ１スペシャル",
      "datePublished": "2019-08-09",
      "hasPart": "_:b43",
      "name": "ＢＳ１スペシャル"
    }, {
      "@id": "https://mediaarts-db.bunka.go.jp/id/C441050",
      "@type": "class:AnimationTVSpecialSeries",
      "label": "ＤＩＶＥｔｏＰＳＹＣＨＯ－ＰＡＳＳ３～第三期＃０～",
      "identifier": "C441050",
      "additionalType": "class:AN",
      "genre": "アニメテレビ単発（スペシャル）シリーズ",
      "seriesName": "ＤＩＶＥｔｏＰＳＹＣＨＯ－ＰＡＳＳ３～第三期＃０～",
      "datePublished": "2019-10-17",
      "hasPart": "_:b96",
      "name": "ＤＩＶＥｔｏＰＳＹＣＨＯ－ＰＡＳＳ３～第三期＃０～"
    }, {
      "@id": "https://mediaarts-db.bunka.go.jp/id/C441051",
      "@type": "class:AnimationTVSpecialSeries",
      "label": "Ｅテレ秋アニメスペシャル",
      "identifier": "C441051",
      "additionalType": "class:AN",
      "genre": "アニメテレビ単発（スペシャル）シリーズ",
      "seriesName": "Ｅテレ秋アニメスペシャル",
      "datePublished": "2019-09-25",
      "hasPart": [
        "_:b81",
        "_:b6",
        "_:b55",
        "_:b18"
      ],
      "name": "Ｅテレ秋アニメスペシャル"
    }, {
      "@id": "https://mediaarts-db.bunka.go.jp/id/C441052",
      "@type": "class:AnimationTVSpecialSeries",
      "label": "放送開始直前特番「けものフレンズ２＃０」",
      "identifier": "C441052",
      "additionalType": "class:AN",
      "genre": "アニメテレビ単発（スペシャル）シリーズ",
      "seriesName": "放送開始直前特番「けものフレンズ２＃０」",
      "datePublished": "2019-01-07",
      "hasPart": "_:b71",
      "name": "放送開始直前特番「けものフレンズ２＃０」"
    }, {
      "@id": "https://mediaarts-db.bunka.go.jp/id/C441053",
      "@type": "class:AnimationTVSpecialSeries",
      "label": "あはれ！名作くんお正月スペシャル",
      "identifier": "C441053",
      "additionalType": "class:AN",
      "genre": "アニメテレビ単発（スペシャル）シリーズ",
      "seriesName": "あはれ！名作くんお正月スペシャル",
      "datePublished": "2019-01-03",
      "hasPart": [
        "_:b0",
        "_:b46"
      ],
      "name": "あはれ！名作くんお正月スペシャル"
    }, {
      "@id": "https://mediaarts-db.bunka.go.jp/id/C441054",
      "@type": "class:AnimationTVSpecialSeries",
      "label": "GJ部@",
      "identifier": "C441054",
      "additionalType": "class:AN",
      "genre": "アニメテレビ単発（スペシャル）シリーズ",
      "seriesName": "GJ部@",
      "name": "GJ部@"
    }, {
      "@id": "https://mediaarts-db.bunka.go.jp/id/C441055",
      "@type": "class:AnimationTVSpecialSeries",
      "label": "てーきゅう （2期） ×世界でいちばん強くなりたい!コラボ特別篇",
      "identifier": "C441055",
      "additionalType": "class:AN",
      "genre": "アニメテレビ単発（スペシャル）シリーズ",
      "seriesName": "てーきゅう （2期） ×世界でいちばん強くなりたい!コラボ特別篇",
      "hasPart": "_:b100",
      "name": "てーきゅう （2期） ×世界でいちばん強くなりたい!コラボ特別篇"
    }, {
      "@id": "https://mediaarts-db.bunka.go.jp/id/C441056",
      "@type": "class:AnimationTVSpecialSeries",
      "label": "銀河へキックオフ!! スペシャル ～激闘!プレデター対アマリージョ～",
      "identifier": "C441056",
      "additionalType": "class:AN",
      "genre": "アニメテレビ単発（スペシャル）シリーズ",
      "seriesName": "銀河へキックオフ!! スペシャル ～激闘!プレデター対アマリージョ～",
      "hasPart": "_:b93",
      "name": "銀河へキックオフ!! スペシャル ～激闘!プレデター対アマリージョ～"
    }, {
      "@id": "https://mediaarts-db.bunka.go.jp/id/C441057",
      "@type": "class:AnimationTVSpecialSeries",
      "label": "劇場版シンカリオン公開直前！シンカリオンスペシャル",
      "identifier": "C441057",
      "additionalType": "class:AN",
      "genre": "アニメテレビ単発（スペシャル）シリーズ",
      "seriesName": "劇場版シンカリオン公開直前！シンカリオンスペシャル",
      "datePublished": "2019-12-22",
      "hasPart": "_:b7",
      "name": "劇場版シンカリオン公開直前！シンカリオンスペシャル"
    }, {
      "@id": "https://mediaarts-db.bunka.go.jp/id/C441058",
      "@type": "class:AnimationTVSpecialSeries",
      "label": "妖狐×僕SS 特別編 TVスペシャル　・第13話/「御狐神くん変化」、「スイッチ」、「おままごと」",
      "identifier": "C441058",
      "additionalType": "class:AN",
      "genre": "アニメテレビ単発（スペシャル）シリーズ",
      "seriesName": "妖狐×僕SS 特別編 TVスペシャル　・第13話/「御狐神くん変化」、「スイッチ」、「おままごと」",
      "hasPart": "_:b65",
      "name": "妖狐×僕SS 特別編 TVスペシャル　・第13話/「御狐神くん変化」、「スイッチ」、「おままごと」"
    }, {
      "@id": "https://mediaarts-db.bunka.go.jp/id/C441059",
      "@type": "class:AnimationTVSpecialSeries",
      "label": "アイカツオンパレードゾイドワイルドＺＥＲＯ振り返り",
      "identifier": "C441059",
      "additionalType": "class:AN",
      "genre": "アニメテレビ単発（スペシャル）シリーズ",
      "seriesName": "アイカツオンパレードゾイドワイルドＺＥＲＯ振り返り",
      "datePublished": "2019-10-30",
      "hasPart": "_:b41",
      "name": "アイカツオンパレードゾイドワイルドＺＥＲＯ振り返り"
    }, {
      "@id": "https://mediaarts-db.bunka.go.jp/id/C441060",
      "@type": "class:AnimationTVSpecialSeries",
      "label": "アイドルが大集合！『アイカツオンパレード！』",
      "identifier": "C441060",
      "additionalType": "class:AN",
      "genre": "アニメテレビ単発（スペシャル）シリーズ",
      "seriesName": "アイドルが大集合！『アイカツオンパレード！』",
      "datePublished": "2019-11-16",
      "hasPart": "_:b56",
      "name": "アイドルが大集合！『アイカツオンパレード！』"
    }, {
      "@id": "https://mediaarts-db.bunka.go.jp/id/C441061",
      "@type": "class:AnimationTVSpecialSeries",
      "label": "アニメメジャーセカンドアンコール",
      "identifier": "C441061",
      "additionalType": "class:AN",
      "genre": "アニメテレビ単発（スペシャル）シリーズ",
      "seriesName": "アニメメジャーセカンドアンコール",
      "datePublished": "2018-04-28",
      "hasPart": "_:b5",
      "name": "アニメメジャーセカンドアンコール"
    }, {
      "@id": "https://mediaarts-db.bunka.go.jp/id/C441062",
      "@type": "class:AnimationTVSpecialSeries",
      "label": "キラッとプリ☆チャンえもい新シーズン徹底紹介ＳＰ",
      "identifier": "C441062",
      "additionalType": "class:AN",
      "genre": "アニメテレビ単発（スペシャル）シリーズ",
      "seriesName": "キラッとプリ☆チャンえもい新シーズン徹底紹介ＳＰ",
      "datePublished": "2019-03-24",
      "hasPart": "_:b75",
      "name": "キラッとプリ☆チャンえもい新シーズン徹底紹介ＳＰ"
    }, {
      "@id": "https://mediaarts-db.bunka.go.jp/id/C441063",
      "@type": "class:AnimationTVSpecialSeries",
      "label": "キリングバイツ放送直前特番",
      "identifier": "C441063",
      "additionalType": "class:AN",
      "genre": "アニメテレビ単発（スペシャル）シリーズ",
      "seriesName": "キリングバイツ放送直前特番",
      "datePublished": "2018-01-05",
      "hasPart": "_:b45",
      "name": "キリングバイツ放送直前特番"
    }, {
      "@id": "https://mediaarts-db.bunka.go.jp/id/C441064",
      "@type": "class:AnimationTVSpecialSeries",
      "label": "新章突入事前特番カードファイト！！ヴァンガー道",
      "identifier": "C441064",
      "additionalType": "class:AN",
      "genre": "アニメテレビ単発（スペシャル）シリーズ",
      "seriesName": "新章突入事前特番カードファイト！！ヴァンガー道",
      "datePublished": "2019-05-04",
      "hasPart": "_:b90",
      "name": "新章突入事前特番カードファイト！！ヴァンガー道"
    }, {
      "@id": "https://mediaarts-db.bunka.go.jp/id/C441065",
      "@type": "class:AnimationTVSpecialSeries",
      "label": "コボちゃん スペシャル 秋がいっぱい!!",
      "identifier": "C441065",
      "additionalType": "class:AN",
      "genre": "アニメテレビ単発（スペシャル）シリーズ",
      "seriesName": "コボちゃん スペシャル 秋がいっぱい!!",
      "hasPart": "_:b70",
      "name": "コボちゃん スペシャル 秋がいっぱい!!"
    }, {
      "@id": "https://mediaarts-db.bunka.go.jp/id/C441066",
      "@type": "class:AnimationTVSpecialSeries",
      "label": "コボちゃんスペシャル 夢いっぱい!!",
      "identifier": "C441066",
      "additionalType": "class:AN",
      "genre": "アニメテレビ単発（スペシャル）シリーズ",
      "seriesName": "コボちゃんスペシャル 夢いっぱい!!",
      "hasPart": "_:b48",
      "name": "コボちゃんスペシャル 夢いっぱい!!"
    }, {
      "@id": "https://mediaarts-db.bunka.go.jp/id/C441067",
      "@type": "class:AnimationTVSpecialSeries",
      "label": "コボちゃんスペシャル 祭りがいっぱい!",
      "identifier": "C441067",
      "additionalType": "class:AN",
      "genre": "アニメテレビ単発（スペシャル）シリーズ",
      "seriesName": "コボちゃんスペシャル 祭りがいっぱい!",
      "datePublished": "1994-09-15",
      "name": "コボちゃんスペシャル 祭りがいっぱい!"
    }, {
      "@id": "https://mediaarts-db.bunka.go.jp/id/C441068",
      "@type": "class:AnimationTVSpecialSeries",
      "label": "シンカリオン×エヴァンゲリオン奇跡のコラボ回ＳＰ",
      "identifier": "C441068",
      "additionalType": "class:AN",
      "genre": "アニメテレビ単発（スペシャル）シリーズ",
      "seriesName": "シンカリオン×エヴァンゲリオン奇跡のコラボ回ＳＰ",
      "datePublished": "2019-12-04",
      "hasPart": "_:b91",
      "name": "シンカリオン×エヴァンゲリオン奇跡のコラボ回ＳＰ"
    }, {
      "@id": "https://mediaarts-db.bunka.go.jp/id/C441069",
      "@type": "class:AnimationTVSpecialSeries",
      "label": "タツノコプロ４大ヒーロー祭り",
      "identifier": "C441069",
      "additionalType": "class:AN",
      "genre": "アニメテレビ単発（スペシャル）シリーズ",
      "seriesName": "タツノコプロ４大ヒーロー祭り",
      "datePublished": "2018-02-26",
      "hasPart": "_:b94",
      "name": "タツノコプロ４大ヒーロー祭り"
    }, {
      "@id": "https://mediaarts-db.bunka.go.jp/id/C441070",
      "@type": "class:AnimationTVSpecialSeries",
      "label": "プチプチ・アニメＳＰ映画監督三池崇史のおくりもの",
      "identifier": "C441070",
      "additionalType": "class:AN",
      "genre": "アニメテレビ単発（スペシャル）シリーズ",
      "seriesName": "プチプチ・アニメＳＰ映画監督三池崇史のおくりもの",
      "datePublished": "2018-12-31",
      "hasPart": [
        "_:b16",
        "_:b95"
      ],
      "name": "プチプチ・アニメＳＰ映画監督三池崇史のおくりもの"
    }, {
      "@id": "https://mediaarts-db.bunka.go.jp/id/C441071",
      "@type": "class:AnimationTVSpecialSeries",
      "label": "ポケットモンスターの平成史火曜から木曜そして日曜へ",
      "identifier": "C441071",
      "additionalType": "class:AN",
      "genre": "アニメテレビ単発（スペシャル）シリーズ",
      "seriesName": "ポケットモンスターの平成史火曜から木曜そして日曜へ",
      "datePublished": "2019-01-04",
      "hasPart": "_:b62",
      "name": "ポケットモンスターの平成史火曜から木曜そして日曜へ"
    }, {
      "@id": "https://mediaarts-db.bunka.go.jp/id/C441072",
      "@type": "class:AnimationTVSpecialSeries",
      "label": "ポケットモンスター・秋の1時間スペシャル",
      "identifier": "C441072",
      "additionalType": "class:AN",
      "genre": "アニメテレビ単発（スペシャル）シリーズ",
      "seriesName": "ポケットモンスター・秋の1時間スペシャル",
      "hasPart": "_:b44",
      "name": "ポケットモンスター・秋の1時間スペシャル"
    }, {
      "@id": "https://mediaarts-db.bunka.go.jp/id/C441073",
      "@type": "class:AnimationTVSpecialSeries",
      "label": "ポケモンみんなの３時間スペシャル！！",
      "identifier": "C441073",
      "additionalType": "class:AN",
      "genre": "アニメテレビ単発（スペシャル）シリーズ",
      "seriesName": "ポケモンみんなの３時間スペシャル！！",
      "datePublished": "2018-07-12",
      "hasPart": "_:b63",
      "name": "ポケモンみんなの３時間スペシャル！！"
    }, {
      "@id": "https://mediaarts-db.bunka.go.jp/id/C441074",
      "@type": "class:AnimationTVSpecialSeries",
      "label": "短編アニメ「バジャのスタジオ」＆「ツルネ」第一話も",
      "identifier": "C441074",
      "additionalType": "class:AN",
      "genre": "アニメテレビ単発（スペシャル）シリーズ",
      "seriesName": "短編アニメ「バジャのスタジオ」＆「ツルネ」第一話も",
      "datePublished": "2019-11-04",
      "hasPart": "_:b17",
      "name": "短編アニメ「バジャのスタジオ」＆「ツルネ」第一話も"
    }, {
      "@id": "https://mediaarts-db.bunka.go.jp/id/C441075",
      "@type": "class:AnimationTVSpecialSeries",
      "label": "飯豊まりえと行くアニメ「ポケットモンスター」の世界",
      "identifier": "C441075",
      "additionalType": "class:AN",
      "genre": "アニメテレビ単発（スペシャル）シリーズ",
      "seriesName": "飯豊まりえと行くアニメ「ポケットモンスター」の世界",
      "datePublished": "2019-11-10",
      "hasPart": "_:b101",
      "name": "飯豊まりえと行くアニメ「ポケットモンスター」の世界"
    }, {
      "@id": "https://mediaarts-db.bunka.go.jp/id/C441076",
      "@type": "class:AnimationTVSpecialSeries",
      "label": "ヴァンガー道真夏の課外授業スペシャル！",
      "identifier": "C441076",
      "additionalType": "class:AN",
      "genre": "アニメテレビ単発（スペシャル）シリーズ",
      "seriesName": "ヴァンガー道真夏の課外授業スペシャル！",
      "datePublished": "2019-08-17",
      "hasPart": "_:b97",
      "name": "ヴァンガー道真夏の課外授業スペシャル！"
    }
  ],
  "@context": {
    "alternativeHeadline": {
      "@id": "https://schema.org/alternativeHeadline"
    },
    "episodeNumber": {
      "@id": "https://schema.org/episodeNumber"
    },
    "actor": {
      "@id": "https://schema.org/actor"
    },
    "track": {
      "@id": "https://schema.org/track"
    },
    "hasPart": {
      "@id": "https://schema.org/hasPart",
      "@type": "@id"
    },
    "identifier": {
      "@id": "https://schema.org/identifier"
    },
    "datePublished": {
      "@id": "https://schema.org/datePublished"
    },
    "name": {
      "@id": "https://schema.org/name"
    },
    "seriesName": {
      "@id": "https://mediaarts-db.bunka.go.jp/data/property#seriesName"
    },
    "label": {
      "@id": "http://www.w3.org/2000/01/rdf-schema#label"
    },
    "genre": {
      "@id": "https://schema.org/genre"
    },
    "additionalType": {
      "@id": "https://schema.org/additionalType",
      "@type": "@id"
    },
    "contributor": {
      "@id": "https://schema.org/contributor"
    },
    "startDate": {
      "@id": "https://schema.org/startDate"
    },
    "endDate": {
      "@id": "https://schema.org/endDate"
    },
    "isPartOf": {
      "@id": "https://schema.org/isPartOf",
      "@type": "@id"
    },
    "publisher": {
      "@id": "https://schema.org/publisher"
    },
    "source": {
      "@id": "https://mediaarts-db.bunka.go.jp/data/property#source"
    },
    "periodDisplayed": {
      "@id": "https://mediaarts-db.bunka.go.jp/data/property#periodDisplayed"
    },
    "creator": {
      "@id": "https://schema.org/creator"
    },
    "numberOfEpisodes": {
      "@id": "https://schema.org/numberOfEpisodes"
    },
    "programDuration": {
      "@id": "https://mediaarts-db.bunka.go.jp/data/property#programDuration"
    },
    "note": {
      "@id": "https://mediaarts-db.bunka.go.jp/data/property#note"
    },
    "productionCompany": {
      "@id": "https://schema.org/productionCompany"
    },
    "originalWorkName": {
      "@id": "https://mediaarts-db.bunka.go.jp/data/property#originalWorkName"
    },
    "originalWorkCreator": {
      "@id": "https://mediaarts-db.bunka.go.jp/data/property#originalWorkCreator"
    },
    "copyrightHolder": {
      "@id": "https://schema.org/copyrightHolder"
    },
    "numberOfItems": {
      "@id": "https://schema.org/numberOfItems"
    },
    "numberOfPrograms": {
      "@id": "https://mediaarts-db.bunka.go.jp/data/property#numberOfPrograms"
    },
    "schema": "https://schema.org/",
    "ma": "https://mediaarts-db.bunka.go.jp/data/property#",
    "rdf": "http://www.w3.org/1999/02/22-rdf-syntax-ns#",
    "maadmin": "https://mediaarts-db.bunka.go.jp/data/property-admin#",
    "dcterms": "http://purl.org/dc/terms/",
    "madbdata": "https://mediaarts-db.bunka.go.jp/data/property-data#",
    "rdfs": "http://www.w3.org/2000/01/rdf-schema#",
    "madev": "https://mediaarts-db.bunka.go.jp/data/property-dev#",
    "class": "https://mediaarts-db.bunka.go.jp/data/class#"
  }
}
