{
  "@graph": [ {
      "@id": "https://mediaarts-db.bunka.go.jp/id/C7148",
      "rdf:type": "class:Collection",
      "label": "コボちゃんスペシャル 祭りがいっぱい!",
      "identifier": "C7148",
      "additionalType": "class:AN",
      "genre": "テレビ単発（スペシャル）アニメシリーズ",
      "oldDateModified": "2016-12-06T09:57:50",
      "awid": "ANS000276500",
      "oldAnimationID": "ANT000186200",
      "Effect": "アニメ",
      "numberOfPrograms": "1",
      "originalWorkCreator": "[原作]植田まさし",
      "programDuration": "55",
      "source": "社内資料",
      "contributor": "[原作]植田まさし 読売新聞連載 蒼鷹社 ／ [総監督]森田浩光 ／ [脚本]武上純希 ／ [キャラクター設定]柳瀬譲二 ／ [総作画監督]柳瀬譲二 ／ [美術監督]遠藤守俊 ／ [音楽]神林早人",
      "copyrightHolder": "植田まさし/植田プロダクション・エイケンン",
      "creator": "[監督]森田浩光",
      "datePublished": "1994-09-15",
      "isPartOf": "https://mediaarts-db.bunka.go.jp/id/C1074",
      "name": [
        "コボちゃんスペシャル 祭りがいっぱい!", {
          "@language": "ja-hrkt",
          "@value": "コボチャンスペシャル マツリガイッパイ!"
        }
      ],
      "numberOfEpisodes": "4",
      "numberOfItems": "1",
      "publisher": "YTV・NTV系",
      "startDate": "1994-09-15",
      "track": "・OP　／　・ニッポン チャ!チャ!チャ!　／　・作詞（日本語詞）/平出よしかつ　／　・作曲/マリオ＆ピエール・ニグロ　／　・編曲/岩崎元是　／　・歌/岩崎元是　／　・ED　／　・ガンバレ男の子　／　・作詞/雄鹿美子　／　・作曲/前田克樹　／　・編曲/藤原いくろう　／　・歌/大谷育江"
    }, {
      "@id": "https://mediaarts-db.bunka.go.jp/id/C7149",
      "rdf:type": "class:Collection",
      "label": "トキ この地球の未来を見つめて",
      "identifier": "C7149",
      "additionalType": "class:AN",
      "genre": "テレビ単発（スペシャル）アニメシリーズ",
      "awid": "ANS000482900",
      "oldAnimationID": "ANT000482900",
      "Effect": "アニメ",
      "note": "スタッフの辻は一点しんにょう",
      "source": "アニメアワード投票用データ　／　年間パーフェクト・データ（AWD+APDY）",
      "actor": "【男の子A】高乃 麗 ／ 【男の子B】増田 ゆき ／ 【女の子A】長沢 美樹 ／ 【女の子B】川上 未遊〈弥生〉 ／ 【花】増田 ゆき ／ 【トキ】下山 吉光 ／ 【ウサギ】高乃 麗〈奈良〉 ／ 【磐 丸】関 智一 ／ 【船 瀬】松島 みのり〈平安〉 ／ 【小 鹿】長沢 美樹 ／ 【若 王】千葉 進歩〈戦国〉 ／ 【玄 斎】緒方 賢一 ／ 【り く】増田 ゆき ／ 【弥 助】高乃 麗〈大阪夏の陣〉 ／ 【金 太】高乃 麗 ／ 【志 保】佐々木 瑤子 ／ 【八郎太】HILUMA〈江戸〉 ／ 【長 女】増田 ゆき ／ 【次 女】長沢 美樹 ／ 三 女 （川上 未遊）〈明治・大正・昭和〉 ／ 【朝太郎（少年）】皆川 純子 ／ 【朝之助】遠近 孝一 ／ 【琴】長沢 美樹 ／ 【ナレーション】吉田 日出子",
      "contributor": "[脚本]長坂秀佳 ／ [構成]相馬和彦 ／ [構成]新宅純一 ／ [構成]砂山蔵澄 ／ [ナレーションダイアローグ]関口準 ／ [監督]杉井ギサブロー ／ [演出]前田康成（「縄文・弥生・奈良」「江戸」） ／ [監督]辻伸一（「平安・戦国」）※「辻」はしんにょうの点が2つ ／ [監督]江口摩吏介（「大阪夏の陣」） ／ [監督]有原誠治（「明治・大正・昭和」） ／ [キャラクターデザイン]前田康成（「縄文・弥生・奈良」「江戸」） ／ [キャラクターデザイン]辻伸一（「平安・戦国」）※「辻」はしんにょうの点が2つ ／ [キャラクターデザイン]江口摩吏介（「大阪夏の陣」） ／ [キャラクターデザイン]有原誠治（「明治・大正・昭和」） ／ [美術]阿部行夫 ／ [美術]前田康成（「江戸」） ／ [音楽]東野克 ／ [音楽]池田浩雄 ／ [音楽]森朗",
      "datePublished": "2003-12-20",
      "endDate": "2003-12-27",
      "isPartOf": "https://mediaarts-db.bunka.go.jp/id/C2786",
      "name": [ {
          "@language": "ja-hrkt",
          "@value": "トキコノホシノミライヲミツメテ"
        },
        "トキ この地球の未来を見つめて"
      ],
      "startDate": "2003-12-20",
      "track": "OP「トキ色の未来へ」　／　ED「僕らのカタチ」 歌 LEGOLGEL〈縄文〉"
    }, {
      "@id": "https://mediaarts-db.bunka.go.jp/id/C7150",
      "rdf:type": "class:Collection",
      "label": "ブラックジャック スペシャル ～命をめぐる4つの奇跡～",
      "identifier": "C7150",
      "additionalType": "class:AN",
      "genre": "テレビ単発（スペシャル）アニメシリーズ",
      "awid": "ANS000483100",
      "oldAnimationID": "ANT000323900",
      "Effect": "アニメ",
      "source": "アニメアワード投票用データ　／　年間パーフェクト・データ（AWD+APDY）",
      "actor": "【マスター】富田 耕生 ／ 【手塚治虫】手塚 眞",
      "contributor": "[原作]手塚治虫※「塚」は右側中央部に点がつきます ／ [監督]手塚眞 ／ [チーフディレクター]桑原智※桑原はシリーズ以降に参加 ／ [メインキャラクターデザイン]神村幸子（スペシャル時は「キャラクターデザイン」と表記） ／ [美術]斉藤雅巳（シリーズのみ） ／ [美術]柴田正人 ／ [音楽]松本晃彦",
      "datePublished": "2003-12-22",
      "endDate": "2003-12-22",
      "isPartOf": "https://mediaarts-db.bunka.go.jp/id/C1562",
      "name": [ {
          "@language": "ja-hrkt",
          "@value": "ブラックジャックニジカンスペシャル　イノチヲメグルヨッツノキセキ"
        },
        "ブラックジャック スペシャル ～命をめぐる4つの奇跡～"
      ],
      "startDate": "2003-12-22",
      "track": "OP「THE THEME FOR B.J.」 演奏 松本 孝弘　／　ED「ROOTS」 歌 B'z"
    }, {
      "@id": "https://mediaarts-db.bunka.go.jp/id/C7151",
      "rdf:type": "class:Collection",
      "label": "[「NHKスペシャル 日本は なぜ 戦争へと向かったのか」内アニメ]",
      "identifier": "C7151",
      "additionalType": "class:AN",
      "genre": "テレビ単発（スペシャル）アニメシリーズ",
      "awid": "ANS001002500",
      "oldAnimationID": "ANT001002500",
      "Effect": "アニメ",
      "source": "アニメアワード投票用データ　／　年間パーフェクト・データ（AWD+APDY）",
      "actor": "【語り】松平定知 ／ 小山力也",
      "contributor": "[アニメーション]白組 ／ [アニメーション]白組 ／ [音楽]加古隆",
      "datePublished": "2011-01-09",
      "endDate": "2011-08-15",
      "isPartOf": "https://mediaarts-db.bunka.go.jp/id/C4522",
      "name": [
        "[「NHKスペシャル 日本は なぜ 戦争へと向かったのか」内アニメ]", {
          "@language": "ja-hrkt",
          "@value": "エヌエイチケイ スペシャル ニホンハ ナゼ センソウヘトムカッタノカ"
        }
      ],
      "startDate": "2011-01-09"
    }, {
      "@id": "https://mediaarts-db.bunka.go.jp/id/C7152",
      "rdf:type": "class:Collection",
      "label": "名探偵コナン　スペシャル　[まじっく快斗]",
      "identifier": "C7152",
      "additionalType": "class:AN",
      "genre": "テレビ単発（スペシャル）アニメシリーズ",
      "awid": "ANS001020300",
      "oldAnimationID": "ANT000315000",
      "Effect": "アニメ",
      "source": "アニメアワード投票用データ　／　年間パーフェクト・データ（AWD+APDY）",
      "actor": "【黒羽快斗】山口勝平 ／ 【中森銀三】石塚運昇 ／ 【中森青子】藤村 歩 ／ 【白馬 探】石田 彰 ／ 【紺野刑事】中谷一博 ／ 【山吹刑事】平井啓二 ／ 【白馬警視総監】長嶝高士 ／ 【黒羽盗一】池田秀一 ／ 【黒羽千影】富沢美智恵 ／ 【寺井黄之介】矢田耕司 ／ 【小泉紅子】沢城みゆき ／ 【スパイダー】浪川大輔 ／ 【スネイク】大塚芳忠",
      "contributor": "[原作]青山剛昌 ／ [シリーズ構成]宮下隼一 ／ [監督]平野俊貴 ／ [キャラクターデザイン]須藤昌朋 ／ [キャラクターデザイン]牟田清司 ／ [美術監督]植田秀蔵 ／ [背景美術チーフ]渡邊聡 ／ [音楽]梅堀淳",
      "datePublished": "2014-04-24",
      "endDate": "2012-12-29",
      "isPartOf": "https://mediaarts-db.bunka.go.jp/id/C1849",
      "name": [
        "名探偵コナン　スペシャル　[まじっく快斗]", {
          "@language": "ja-hrkt",
          "@value": "メイタンテイコナン スペシャル ナツノカイトウキッドマツリ"
        }
      ],
      "publisher": "YTV",
      "startDate": "2014-04-24",
      "track": "OP1 「Misty Mystery」　歌　GARNET CROW　／　ED1 「Your Best Friend」　　／　OP2 「君の涙に　 こんなに恋してる」　歌　なついろ　／　ED2 「恋に恋して」歌　倉木麻衣　　／　IS1 「怪盗キッドの予告状'07」　／　IS2 「怪盗キッド出現'07」　作曲・編曲・演奏:大野克夫"
    }, {
      "@id": "https://mediaarts-db.bunka.go.jp/id/C7153",
      "rdf:type": "class:Collection",
      "label": "ポケモンレンジャー 光の軌跡",
      "identifier": "C7153",
      "additionalType": "class:AN",
      "genre": "テレビ単発（スペシャル）アニメシリーズ",
      "awid": "ANS001069000",
      "oldAnimationID": "ANT000339700",
      "Effect": "アニメ",
      "source": "アニメアワード投票用データ　／　年間パーフェクト・データ（AWD+APDY）",
      "actor": "【ナ ツ ヤ】羽染 達也 ／ 【シンバラ教授】中田 譲治 ／ 【レッドアイ】小野 大輔 ／ 【ナッパーズ】古島 清孝 ／ 【ナッパーズ】西墻 由香 ／ 【ピチュー】真堂 圭 ／ 【ナレーション】増谷 康紀",
      "contributor": "[原案]株式会社クリーチャーズ ／ [脚本]冨岡淳広 ／ [総監督]湯山邦彦 ／ [監督]須藤典彦 ／ [演出]小山賢 ／ [キャラクターデザイン]山田俊也 ／ [美術監督]金村勝義",
      "datePublished": "2010-02-28",
      "endDate": "2010-03-07",
      "isPartOf": "https://mediaarts-db.bunka.go.jp/id/C1985",
      "name": [ {
          "@language": "ja-hrkt",
          "@value": "ポケモンレンジャー ヒカリノキセキ"
        },
        "ポケモンレンジャー 光の軌跡"
      ],
      "startDate": "2010-02-28"
    }, {
      "@id": "https://mediaarts-db.bunka.go.jp/id/C7154",
      "rdf:type": "class:Collection",
      "label": "蒼い世界の　中心で",
      "identifier": "C7154",
      "additionalType": "class:AN",
      "genre": "テレビ単発（スペシャル）アニメシリーズ",
      "awid": "ANS001244600",
      "oldAnimationID": "ANT001244600",
      "Effect": "アニメ",
      "note": "スタッフの辻は一点しんにょう",
      "periodDisplayed": "2、3話ともにTOKYO MXにて木曜23:00～23:30に放映。",
      "source": "アニメアワード投票用データ　／　年間パーフェクト・データ（AWD+APDY）",
      "actor": "【ギア】岡本信彦 ／ 【テジロフ】下野 紘 ／ 【ネル】三森すずこ ／ 【オパール】橘田いずみ ／ 【ラムセス】門田幸子 ／ 【D・フィッシャー】安元洋貴 ／ 【ヴァイズ】大下孝太 ／ 【ギアの父】アレックス （小山力也） ／ 【ギアの母】氷上恭子 ／ 【ナレーション】ゼリグ （子安武人）",
      "datePublished": "2012-10-20",
      "endDate": "2013-04-04",
      "isPartOf": "https://mediaarts-db.bunka.go.jp/id/C4781",
      "name": [ {
          "@language": "ja-hrkt",
          "@value": "アオイセカイノチュウシンデ　ダイサンワ　ロストタワー　アンド　キッド"
        },
        "蒼い世界の　中心で"
      ],
      "productionCompany": "[アニメーション制作]フィフスアベニュー ／ [製作]teamクリムゾン[ロゴ]",
      "startDate": "2012-10-20",
      "track": "OP 「retrospective world」　歌:ギア（CV:岡本信彦）　＆テジロフ（CV:下野　紘）　／　ED『0と1の花』　歌:オパール （CV:橘田いずみ）　＆ネル （CV:三森すずこ）"
    }, {
      "@id": "https://mediaarts-db.bunka.go.jp/id/C7155",
      "rdf:type": "class:Collection",
      "label": "BLOOD-C　[総集編]",
      "identifier": "C7155",
      "additionalType": "class:AN",
      "genre": "テレビ単発（スペシャル）アニメシリーズ",
      "awid": "ANS008046400",
      "oldAnimationID": "ANT000411800",
      "Effect": "アニメ",
      "periodDisplayed": "劇場版公開にあわせた総集編。前編は2012/5/27(日)　０：30～1：00にTOKYO MX、とちぎテレビ、群馬テレビ、ＢＳ11、テレビ愛知にて放映。後編は2012/5/31(木)　２：30～３：00にテレビ愛知、6/1(金)　３：00～３：30にTOKYO MX、6/2(土)　23：30～０：00にＢＳ11にて放映。",
      "source": "アニメアワード投票用データ　／　年間パーフェクト・データ（AWD+APDY）",
      "actor": "【小夜】水樹奈々 ／ 【七原文人】野島健児 ／ 【柊真奈】橋本 愛 ／ 【殯蔵人】神谷浩史 ／ 【松尾伊織】中村悠一 ／ 【藤村駿】梶 裕貴 ／ 【月山比呂】花澤香菜 ／ 【矢薙春乃】甲斐田裕子 ／ 【犬】福山 潤 ／ 【網埜優花】浅野真澄 ／ 【九頭】諏訪部順一 ／ ◆◆◆◆ ／ 【更衣唯芳】藤原啓治 ／ 【求衛のの】福圓美里 ／ 【求衛ねね】福圓美里 ／ 【鞆総逸樹】阿部 敦 ／ 【時真慎一郎】鈴木達央 ／ 【筒鳥香奈子】宮川美保 ／ 【犬】福山 潤",
      "datePublished": "2012-05-27",
      "endDate": "2012-05-31",
      "isPartOf": "https://mediaarts-db.bunka.go.jp/id/C2421",
      "name": [ {
          "@language": "ja-hrkt",
          "@value": "ブラッドＣ　[ソウシュウヘン]"
        },
        "BLOOD-C　[総集編]"
      ],
      "startDate": "2012-05-27",
      "track": "OP 「spiral」　DUSTZ　／　ED 「純潔パラドックス」　水樹奈々"
    }, {
      "@id": "https://mediaarts-db.bunka.go.jp/id/C7156",
      "rdf:type": "class:Collection",
      "label": "憑物語[ツキモノガタリ]  よつぎドール",
      "identifier": "C7156",
      "additionalType": "class:AN",
      "genre": "テレビ単発（スペシャル）アニメシリーズ",
      "oldDateModified": "2016-04-01T11:44:38",
      "awid": "ANS008208000",
      "oldAnimationID": "ANT000647200",
      "Effect": "アニメ",
      "originalWorkCreator": "[原作]西尾維新",
      "originalWorkName": "[原作]西尾維新",
      "periodDisplayed": "2014年12月31日　火曜22時00分～・TOKYO MX／118分枠",
      "programDuration": "118",
      "source": "年間パーフェクト・データ（SRPDY2014）",
      "actor": "【阿良々木　暦】神谷浩史 ／ 【斧乃木余接】早見沙織 ／ 【戦場ヶ原ひたぎ】斎藤千和 ／ 【忍野　忍】坂本真綾 ／ 【阿良々木火憐】喜多村英梨 ／ 【阿良々木月火】井口裕香 ／ 【影縫余弦】白石涼子 ／ 【忍野　扇】水橋かおり ／ 【手折正弦】子安武人",
      "alternativeHeadline": "[タイトル（改行を含む）]憑 ツキモノ 物 ガタリ 語／　よつぎドール",
      "contributor": "[構成]東冨耶子 ／ [構成]新房昭之 ／ [脚本]木澤行人 ／ [脚本]中本宗応 ／ [総監督]新房昭之 ／ [監督]板村智幸 ／ [演出]宮本幸裕 ／ [演出]岡田堅二朗 ／ [演出]大橋一輝 ／ [演出]板村智幸 ／ [絵コンテ]黒沢守 ／ [絵コンテ]関野昌弘 ／ [絵コンテ]久保山英一 ／ [絵コンテ]数井浩子 ／ [絵コンテ]板村智幸 ／ [キャラクター原案]VOFAN ／ [キャラクターデザイン・総作画監督]渡辺明夫 ／ [総作画監督]岩崎たいすけ ／ [メインアニメーター]松浦力 ／ [メインアニメーター]小堺能夫 ／ [メインアニメーター]新垣一成 ／ [作画監督]岩崎たいすけ ／ [作画監督]新垣一成 ／ [作画監督]高野晃久 ／ [作画監督]西澤真也 ／ [作画監督]小堺能夫 ／ [作画監督]宮嶋仁志 ／ [作画監督]吉田南 ／ [作画監督]澤田美香 ／ [作画監督]小岩井マサキ ／ [作画監督]高野晃久 ／ [作画監督]渡辺絵美 ／ [作画監督]牛島希 ／ [作画監督]築山翔太 ／ [作画監督]宮井加奈 ／ [作画監督]安食圭 ／ [美術設定]大原盛仁 ／ [プロダクションデザイン]武内宣之 ／ [美術監督]内藤健 ／ [音楽]羽岡 佳 ／ [アニメーション制作]シャフト ／ [製作]アニプレックス ／ [製作]講談社 ／ [製作]シャフト",
      "creator": "[監督]板村智幸",
      "datePublished": "2014-12-31",
      "isPartOf": "https://mediaarts-db.bunka.go.jp/id/C3542",
      "name": [
        "憑物語[ツキモノガタリ]  よつぎドール", {
          "@language": "ja-hrkt",
          "@value": "ツキモノガタリ ヨツギドール"
        }
      ],
      "numberOfEpisodes": "4",
      "productionCompany": "[アニメーション制作]シャフト ／ [製作]アニプレックス ／ [製作]講談社 ／ [製作]シャフト",
      "publisher": "MX",
      "startDate": "2014-12-31",
      "track": "OP「オレンジミント」 歌 斧乃木余接 （早水沙織）　／　ED「border」 ClariS"
    }, {
      "@id": "https://mediaarts-db.bunka.go.jp/id/C7157",
      "rdf:type": "class:Collection",
      "label": "Double Circle",
      "identifier": "C7157",
      "additionalType": "class:AN",
      "genre": "テレビ単発（スペシャル）アニメシリーズ",
      "oldDateModified": "2016-04-01T11:44:38",
      "awid": "ANS008208300",
      "oldAnimationID": "ANT008208300",
      "Effect": "アニメ",
      "note": "東芝の製作・著作による、川崎市が舞台のオリジナルアニメ。スマートコミュニティをテーマに描く。2013年12月19日、2014年1月27日、2014年5月8日、2014年6月1日、2014年8月29日、2014年9月26日にYouTubeにて全6話が順に配信された後、前半3話、後半3話をそれぞれまとめたテレビ版・前後編がtvkと沖縄テレビで放映された。　／　[ここまで年間パーフェクトデータより]",
      "periodDisplayed": "前編:2014年9月28日　日曜11時00分～・tvk／30分枠　2014年10月1日　水曜00時43分～・沖縄テレビ／30分枠　後編:2014年10月12日　日曜11時00分～・tvk／30分枠　2014年10月11日　土曜09時55分～・沖縄テレビ／30分枠",
      "programDuration": "30",
      "source": "年間パーフェクト・データ（SRPDY2014）",
      "actor": "【アサギ】岡本　信彦 ／ 【エム】浪川　大輔 ／ 【アカネ】瀬戸麻沙美 ／ 【ナノハ】斎藤　千和 ／ 【玉虫姫】堀江　由衣",
      "alternativeHeadline": "[タイトル（改行を含む）]Double Circle",
      "contributor": "*TV放映版のクレジット ／ [企画・製作総指揮]荒井孝文 ／ [キャラクター原案]キナコ ／ [スーツデザイン]まいけるからわた ／ [シリーズ構成・脚本]本田雅也 ／ [監督]イワサキトモカズ ／ [演出]荻原露光[前編] ／ [演出]鈴木吉男（第五話）[後編] ／ [演出]岩崎トモカズ（第六話）[後編] ／ [絵コンテ]町谷俊輔 ／ [キャラクターデザイン]水口桂[前編] ／ [キャラクターデザイン]難波聖美[後編] ／ [作画監督]宇都木勇[前編] ／ [作画監督]難波聖美[後編] ／ [美術監督]吉田美千子 （スタジオちゅーりっぷ）[前編] ／ [美術監督]九重勝雄[後編] ／ [制作協力]ライジングフォース[前 ／ [制作協力]drop[前編] ／ *配信版のクレジット ／ [企画・製作総指揮]荒井孝文 ／ [キャラクター原案]キナコ ／ [スーツデザイン]まいけるからわた ／ [シリーズ構成・脚本]本田 雅也 ／ [演出]望都ゆたか[1話] ／ [演出]イワサキトモカズ[2話] ／ [演出]荻原露光[3話] ／ [演出]鈴木吉男[4、5話] ／ [演出]岩崎トモカズ[6話] ／ [絵コンテ]まつもとよしひさ[1、2話] ／ [絵コンテ]町谷俊輔[3話] ／ [絵コンテ]本田雅也[6話] ／ [監督]夏輝[1、2話] ／ [監督]イワサキトモカズ[2～4話] ／ [監督]岩崎トモカズ[5、6話] ／ [キャラクターデザイン]水口桂[1～4話] ／ [キャラクターデザイン]難波聖美[5、6話] ／ [作画監督]水口桂[1、2話] ／ [作画監督]宇都木勇[3話] ／ [作画監督]木村正人[4話] ／ [作画監督]難波聖美[5、6話] ／ [美術監督]吉田美千子 （スタジオちゅーりっぷ）[1～4話] ／ [美術監督]九重勝雄[5、6話] ／ [制作協力]ライジングフォース[1～4話] ／ [制作協力]drop[3話] ／ [アニメーション制作]DropWave[前編] ／ [アニメーション制作]スタジオ雲雀[後編] ／ [制作]DropWave[後編] ／ [製作・著作]TOSHIBA ／ *配信版のクレジット ／ [アニメーション制作]DropWave[1～4話] ／ [アニメーション制作]スタジオ雲雀[5、6話] ／ [制作]DropWave[5、6話] ／ [製作・著作]TOSHIBA",
      "creator": "[監督]イワサキトモカズ",
      "datePublished": "2014-09-28",
      "isPartOf": "https://mediaarts-db.bunka.go.jp/id/C5915",
      "name": [
        "Double Circle", {
          "@language": "ja-hrkt",
          "@value": "ダブルサークル"
        }
      ],
      "numberOfEpisodes": "6",
      "productionCompany": "[アニメーション制作]DropWave[前編] ／ [アニメーション制作]スタジオ雲雀[後編] ／ [制作]DropWave[後編] ／ [製作・著作]TOSHIBA ／ *配信版のクレジット ／ [アニメーション制作]DropWave[1～4話] ／ [アニメーション制作]スタジオ雲雀[5、6話] ／ [制作]DropWave[5、6話] ／ [製作・著作]TOSHIBA",
      "publisher": "OTV",
      "startDate": "2014-09-28",
      "track": "ED「EVER」 歌 FANG"
    }
  ],
  "@context": {
    "additionalType": {
      "@id": "https://schema.org/additionalType"
    },
    "datePublished": {
      "@id": "https://schema.org/datePublished"
    },
    "actor": {
      "@id": "https://schema.org/actor"
    },
    "awid": {
      "@id": "https://mediaarts-db.bunka.go.jp/data/property-dev/awid"
    },
    "name": {
      "@id": "https://schema.org/name"
    },
    "Effect": {
      "@id": "https://mediaarts-db.bunka.go.jp/data/property/Effect"
    },
    "track": {
      "@id": "https://schema.org/track"
    },
    "productionCompany": {
      "@id": "https://schema.org/productionCompany"
    },
    "note": {
      "@id": "https://mediaarts-db.bunka.go.jp/data/property/note"
    },
    "startDate": {
      "@id": "https://schema.org/startDate"
    },
    "oldAnimationID": {
      "@id": "https://mediaarts-db.bunka.go.jp/data/property-dev/oldAnimationID"
    },
    "identifier": {
      "@id": "https://schema.org/identifier"
    },
    "source": {
      "@id": "https://mediaarts-db.bunka.go.jp/data/property/source"
    },
    "genre": {
      "@id": "https://schema.org/genre"
    },
    "periodDisplayed": {
      "@id": "https://mediaarts-db.bunka.go.jp/data/property/periodDisplayed"
    },
    "label": {
      "@id": "http://www.w3.org/2000/01/rdf-schema#label"
    },
    "isPartOf": {
      "@id": "https://schema.org/isPartOf",
      "@type": "@id"
    },
    "endDate": {
      "@id": "https://schema.org/endDate"
    },
    "copyrightHolder": {
      "@id": "https://schema.org/copyrightHolder"
    },
    "originalWorkCreator": {
      "@id": "https://mediaarts-db.bunka.go.jp/data/property/originalWorkCreator"
    },
    "oldDateModified": {
      "@id": "https://mediaarts-db.bunka.go.jp/data/property-data/oldDateModified"
    },
    "numberOfItems": {
      "@id": "https://schema.org/numberOfItems"
    },
    "numberOfPrograms": {
      "@id": "https://mediaarts-db.bunka.go.jp/data/property/numberOfPrograms"
    },
    "publisher": {
      "@id": "https://schema.org/publisher"
    },
    "programDuration": {
      "@id": "https://mediaarts-db.bunka.go.jp/data/property/programDuration"
    },
    "contributor": {
      "@id": "https://schema.org/contributor"
    },
    "numberOfEpisodes": {
      "@id": "https://schema.org/numberOfEpisodes"
    },
    "creator": {
      "@id": "https://schema.org/creator"
    },
    "alternativeHeadline": {
      "@id": "https://schema.org/alternativeHeadline"
    },
    "originalWorkName": {
      "@id": "https://mediaarts-db.bunka.go.jp/data/property/originalWorkName"
    },
    "schema": "https://schema.org/",
    "ma": "https://mediaarts-db.bunka.go.jp/data/property/",
    "rdf": "http://www.w3.org/1999/02/22-rdf-syntax-ns#",
    "maadmin": "https://mediaarts-db.bunka.go.jp/data/property-admin/",
    "dcterms": "http://purl.org/dc/terms/",
    "madbdata": "https://mediaarts-db.bunka.go.jp/data/property-data/",
    "rdfs": "http://www.w3.org/2000/01/rdf-schema#",
    "madev": "https://mediaarts-db.bunka.go.jp/data/property-dev/",
    "class": "https://mediaarts-db.bunka.go.jp/data/class/"
  }
}
