{
  "@graph": [ {
      "@id": "https://mediaarts-db.bunka.go.jp/id/C431444",
      "@type": "class:Event",
      "label": "平成9年度［第1回］文化庁メディア芸術祭 第1回",
      "identifier": "C431444",
      "additionalType": "class:CO",
      "genre": "催事",
      "eventNumber": "第1回",
      "relatedCollection": "https://mediaarts-db.bunka.go.jp/id/C276090,https://mediaarts-db.bunka.go.jp/id/C317371,https://mediaarts-db.bunka.go.jp/id/C255586,https://mediaarts-db.bunka.go.jp/id/C286532,https://mediaarts-db.bunka.go.jp/id/C413820,https://mediaarts-db.bunka.go.jp/id/C410859,https://mediaarts-db.bunka.go.jp/id/C9249,https://mediaarts-db.bunka.go.jp/id/C32402,https://mediaarts-db.bunka.go.jp/id/C33762",
      "relatedItem": "https://mediaarts-db.bunka.go.jp/id/M820570,https://mediaarts-db.bunka.go.jp/id/M820551,https://mediaarts-db.bunka.go.jp/id/M822011,https://mediaarts-db.bunka.go.jp/id/M822007,https://mediaarts-db.bunka.go.jp/id/M821925,https://mediaarts-db.bunka.go.jp/id/M823436,https://mediaarts-db.bunka.go.jp/id/M823423,https://mediaarts-db.bunka.go.jp/id/M823514,https://mediaarts-db.bunka.go.jp/id/M823431,https://mediaarts-db.bunka.go.jp/id/M826091,https://mediaarts-db.bunka.go.jp/id/M826133,https://mediaarts-db.bunka.go.jp/id/M826293,https://mediaarts-db.bunka.go.jp/id/M826096,https://mediaarts-db.bunka.go.jp/id/M845723,https://mediaarts-db.bunka.go.jp/id/M845780",
      "seriesName": [ {
          "@language": "ja-hrkt",
          "@value": "ブンカチョウメディアゲイジュツサイ"
        },
        "文化庁メディア芸術祭"
      ],
      "contributor": "[会長]林田英樹 ／ [副会長]滝川精一／鶴田卓彦 ／ [運営委員会]滝川精一／来間紘／遠藤昭雄／西崎清久／根木昭 ／ [審査委員会](委員長)河口洋一郎 ／ [デジタルアート(インタラクティブ／ノンインタラクティブ)部門](主査)河口洋一郎 ／ (副主査)大平智弘 ／ 浜野保樹／福田美蘭／飯野賢治／日比野克彦／伊東順二 ／ [アニメーション／マンガ部門](主査)里中満智子 ／ (副主査)鈴木伸一 ／ 石ノ森章太郎／石子順／谷川彰英／モンキーパンチ／押井守",
      "countryOfOrigin": "日本国",
      "creator": "文化庁メディア芸術祭実行委員会",
      "datePublished": "1998-02-02",
      "description": "【デジタルアート・インタラクティブ部門】[大賞]KAGE ／ [優秀賞]ファイナルファンタジーⅦ／空にとけるルビーになりたい／I.Q～インテリジェントキューブ／image dive SITE ／ 【デジタルアート・ノンインタラクティブ部門】[大賞]”Soul Blade”Opening Movie ／ [優秀賞]SCENE#97 -GENERATED AFTER-／SMAP×SMAP SPECIAL EFFECTS IN THE TRIBUTE SONGS／私は私が大好き／hana ／ 【アニメーション部門】[大賞]もののけ姫 ／ [優秀賞]プチプチアニメ～ニャッキ～／THE BUGS／どんぐりの家／新世紀エヴァンゲリオン ／ 【マンガ部門】[大賞]マンガ日本の古典（全32巻） ／ [優秀賞]精霊使い エレメンタラー／あずみ／無限の住人／MONSTER",
      "endDate": "1998-02-03",
      "inLanguage": "日本語",
      "location": "新国立劇場（小劇場）",
      "name": [ {
          "@language": "ja-hrkt",
          "@value": "ヘイセイ9ネンド [ダイ1カイ] ブンカチョウ メディアゲイジュツサイ"
        }, {
          "@language": "en",
          "@value": "The 1st Japan Media Arts Festival"
        },
        "平成9年度［第1回］文化庁メディア芸術祭", {
          "@language": "ja-latn",
          "@value": "Heisei9nendo [dai1kai] bunkacho medeia geijutusai"
        }
      ],
      "startDate": "1998-02-02",
      "url": "http://archive.j-mediaarts.jp/festival/1997/"
    }, {
      "@id": "https://mediaarts-db.bunka.go.jp/id/C431445",
      "@type": "class:Event",
      "label": "平成10年度［第2回］文化庁メディア芸術祭 第2回",
      "identifier": "C431445",
      "additionalType": "class:CO",
      "genre": "催事",
      "eventNumber": "第2回",
      "relatedCollection": "https://mediaarts-db.bunka.go.jp/id/C253405,https://mediaarts-db.bunka.go.jp/id/C315279,https://mediaarts-db.bunka.go.jp/id/C311288,https://mediaarts-db.bunka.go.jp/id/C276609,https://mediaarts-db.bunka.go.jp/id/C298624,https://mediaarts-db.bunka.go.jp/id/C410935,https://mediaarts-db.bunka.go.jp/id/C410887,https://mediaarts-db.bunka.go.jp/id/C34087,https://mediaarts-db.bunka.go.jp/id/C32649",
      "seriesName": [ {
          "@language": "ja-hrkt",
          "@value": "ブンカチョウメディアゲイジュツサイ"
        },
        "文化庁メディア芸術祭"
      ],
      "contributor": "[会長]林田英樹 ／ [副会長]滝川精一／鶴田卓彦 ／ [運営委員]滝川精一／近藤信司／来間紘／西崎清久／根木昭 ／ [審査委員](委員長)河口洋一郎 ／ [デジタルアート(インタラクティブ／ノンインタラクティブ)部門]河口洋一郎 ／ (副主査)大平智弘 ／ 伊東順二／庄野晴彦／浜野保樹／日比野克彦／福田美蘭 ／ [アニメーション／マンガ部門](主査)里中満智子 ／ (副主査)鈴木伸一 ／ 石子順／おかだえみこ／柏木博／谷川彰英／モンキーパンチ",
      "countryOfOrigin": "日本国",
      "creator": "文化庁メディア芸術祭実行委員会",
      "datePublished": "1999-02-27",
      "description": "【デジタルアート[インタラクティブ]部門】[大賞]ゼルダの伝説 時のオカリナ ／ [優秀賞]メタルギアソリッド／クラスターワークス／Net Rezonator／Oneｰline.comプロジェクト ／ 【デジタルアート［ノンインタラクティブ］部門】［大賞］ハッスル!!とき玉くん ／ [優秀賞]サイレント ヒル／がらひな語／REMtv／赤い夜の嘆きのなかで ／ 【アニメーション部門】[大賞]クジラの跳躍 ／ [優秀賞]ドラえもん のび太の南海大冒険／serial experiments lain／快動力 REAL／believe in it ／ 【マンガ部門】[大賞]坂本龍馬 ／ [優秀賞]ゴン／神童／龍-RONｰ／め組の大吾",
      "endDate": "1999-03-02",
      "inLanguage": "日本語",
      "location": "新国立劇場（小劇場）",
      "name": [ {
          "@language": "ja-latn",
          "@value": "Heisei10nendo [dai2kai] bunkacho medeia geijutusai"
        },
        "平成10年度［第2回］文化庁メディア芸術祭", {
          "@language": "ja-hrkt",
          "@value": "ヘイセイ10ネンド [ダイ2カイ] ブンカチョウ メディアゲイジュツサイ"
        }, {
          "@language": "en",
          "@value": "The 2nd Japan Media Arts Festival"
        }
      ],
      "startDate": "1999-02-27",
      "url": "http://archive.j-mediaarts.jp/festival/1998/"
    }, {
      "@id": "https://mediaarts-db.bunka.go.jp/id/C431446",
      "@type": "class:Event",
      "label": "平成11年度［第3回］文化庁メディア芸術祭 第3回",
      "identifier": "C431446",
      "additionalType": "class:CO",
      "genre": "催事",
      "eventNumber": "第3回",
      "relatedCollection": "https://mediaarts-db.bunka.go.jp/id/C353422,https://mediaarts-db.bunka.go.jp/id/C266430,https://mediaarts-db.bunka.go.jp/id/C275972,https://mediaarts-db.bunka.go.jp/id/C269519,https://mediaarts-db.bunka.go.jp/id/C286074,https://mediaarts-db.bunka.go.jp/id/C413830,https://mediaarts-db.bunka.go.jp/id/C9752,https://mediaarts-db.bunka.go.jp/id/C411014",
      "relatedItem": "https://mediaarts-db.bunka.go.jp/id/M845774",
      "seriesName": [ {
          "@language": "ja-hrkt",
          "@value": "ブンカチョウメディアゲイジュツサイ"
        },
        "文化庁メディア芸術祭"
      ],
      "contributor": "[会長]林田英樹 ／ [副会長]滝川精一／鶴田卓彦 ／ [運営委員]滝川精一／近藤信司／長谷川秀行／西崎清久／根木昭 ／ [審査委員]\r\n(委員長)河口洋一郎 ／ [デジタルアート(インタラクティブ／ノンインタラクティブ)部門]河口洋一郎 ／ (副主査)浜野保樹 ／ 伊東順二／草原真知子／庄野晴彦／原田大三郎／日比野克彦 ／ [アニメーション／マンガ部門](主査)里中満智子 ／ (副主査)鈴木伸一 ／ 石上三登志／おかだえみこ／柏木博／清水勲／モンキーパンチ",
      "countryOfOrigin": "日本国",
      "creator": "文化庁メディア芸術祭実行委員会",
      "datePublished": "2000-02-25",
      "description": "【デジタルアート[インタラクティブ]部門】[大賞]エンターテイメントロボット AIBO(ERS-110) ／ [優秀賞]明和電機ライブパフォーマンス／シーマン～禁断のペット～／motion dive2／Earth from Above on the web ／ 【デジタルアート［ノンインタラクティブ］部門】［大賞］愉快な機械 ／ [優秀賞]劇場版ポケットモンスター幻のポケモン ルギア爆誕／鉄コン筋クリート／TALL SMALL STORIES／3EXHIBITION TOKYO:1999 ／ 【アニメーション部門】[大賞]老人と海 ／ [優秀賞]ホーホケキョ となりの山田くん／おじゃる丸2／上京物語／月の夜の話 ／ 【マンガ部門】[大賞]アイ’ム ホーム ／ [優秀賞]ALL NUDE／同じ月を見ている／国立博物館物語／遥かな町へ",
      "endDate": "2000-03-02",
      "inLanguage": "日本語",
      "location": "草月会館",
      "name": [ {
          "@language": "ja-latn",
          "@value": "Heisei11nendo [dai3kai] bunkacho medeia geijutusai"
        }, {
          "@language": "en",
          "@value": "The 3rd Japan Media Arts Festival"
        }, {
          "@language": "ja-hrkt",
          "@value": "ヘイセイ11ネンド [ダイ3カイ] ブンカチョウ メディアゲイジュツサイ"
        },
        "平成11年度［第3回］文化庁メディア芸術祭"
      ],
      "startDate": "2000-02-25",
      "url": "http://archive.j-mediaarts.jp/festival/1999/"
    }, {
      "@id": "https://mediaarts-db.bunka.go.jp/id/C431447",
      "@type": "class:Event",
      "label": "平成12年度［第4回］文化庁メディア芸術祭 第4回",
      "identifier": "C431447",
      "additionalType": "class:CO",
      "genre": "催事",
      "eventNumber": "第4回",
      "relatedCollection": "https://mediaarts-db.bunka.go.jp/id/C262153,https://mediaarts-db.bunka.go.jp/id/C305904,https://mediaarts-db.bunka.go.jp/id/C279803,https://mediaarts-db.bunka.go.jp/id/C299476,https://mediaarts-db.bunka.go.jp/id/C256161,https://mediaarts-db.bunka.go.jp/id/C411084,https://mediaarts-db.bunka.go.jp/id/C9950",
      "relatedItem": "https://mediaarts-db.bunka.go.jp/id/M174606,https://mediaarts-db.bunka.go.jp/id/M845775",
      "seriesName": [ {
          "@language": "ja-hrkt",
          "@value": "ブンカチョウメディアゲイジュツサイ"
        },
        "文化庁メディア芸術祭"
      ],
      "contributor": "[会長]佐々木正峰 ／ [副会長]滝川精一／鶴田卓彦 ／ [運営委員]滝川精一／河口洋一郎／里中満智子／銭谷眞美／辻村哲夫／長谷川秀行 ／ [審査委員](委員長)原島博 ／ [デジタルアート(インタラクティブ／ノンインタラクティブ)部門](主査)原島博 ／ (副主査)原田大三郎 ／ 伊藤幸治／草原真知子／庄野晴彦／鈴木裕／タナカノリユキ ／ [アニメーション／マンガ部門](主査)石上三登志 ／ (副主査)浜野保樹 ／ おかだえみこ／柏木博／清水勲／大地丙太郎／西村繁男",
      "countryOfOrigin": "日本国",
      "creator": "文化庁メディア芸術祭実行委員会",
      "datePublished": "2001-03-12",
      "description": "【デジタルアート[インタラクティブ]部門】[大賞]ドラゴンクエストⅦ～エデンの戦士たち～ ／ [優秀賞]シェンムー 一章 横須賀／Vectorial Elevation, Relational Architecture#4／芸人街道膝栗毛。／Forest of Thoughts ／ 【デジタルアート［ノンインタラクティブ］部門】［大賞］1 ／ [優秀賞]アヴァロン／なつかしの21世紀／Csoda Pok(wonder spider)／garden of the metal ／ 【アニメーション部門】[大賞]BLOOD THE LAST VAMPIRE ／ [優秀賞]陽だまりの樹／たれぱんだ オリジナル･ビデオ･アニメーション／S.O.S／Luz ／ 【マンガ部門】[大賞]バガボンド／ [優秀賞]王道の狗／ぱじ／まっすぐにいこう。／黄昏流星群",
      "endDate": "2001-03-18",
      "inLanguage": "日本語",
      "location": "東京都写真美術館（恵比寿ガーデンプレイス内）",
      "name": [ {
          "@language": "ja-hrkt",
          "@value": "ヘイセイ12ネンド [ダイ4カイ] ブンカチョウ メディアゲイジュツサイ"
        }, {
          "@language": "en",
          "@value": "The 4th Japan Media Arts Festival"
        }, {
          "@language": "ja-latn",
          "@value": "Heisei12nendo [dai4kai] bunkacho medeia geijutusai"
        },
        "平成12年度［第4回］文化庁メディア芸術祭"
      ],
      "startDate": "2001-03-12",
      "url": "http://archive.j-mediaarts.jp/festival/2000/"
    }, {
      "@id": "https://mediaarts-db.bunka.go.jp/id/C431448",
      "@type": "class:Event",
      "label": "平成13年度［第5回］文化庁メディア芸術祭 第5回",
      "identifier": "C431448",
      "additionalType": "class:CO",
      "genre": "催事",
      "eventNumber": "第5回",
      "relatedCollection": "https://mediaarts-db.bunka.go.jp/id/C323871,https://mediaarts-db.bunka.go.jp/id/C254491,https://mediaarts-db.bunka.go.jp/id/C283026,https://mediaarts-db.bunka.go.jp/id/C253574,https://mediaarts-db.bunka.go.jp/id/C411128,https://mediaarts-db.bunka.go.jp/id/C411217,https://mediaarts-db.bunka.go.jp/id/C35298,https://mediaarts-db.bunka.go.jp/id/C34389",
      "relatedItem": "https://mediaarts-db.bunka.go.jp/id/M174662,https://mediaarts-db.bunka.go.jp/id/M182901,https://mediaarts-db.bunka.go.jp/id/M845730,https://mediaarts-db.bunka.go.jp/id/M845740,https://mediaarts-db.bunka.go.jp/id/M845767",
      "seriesName": [
        "文化庁メディア芸術祭", {
          "@language": "ja-hrkt",
          "@value": "ブンカチョウメディアゲイジュツサイ"
        }
      ],
      "contributor": "[会長]河合隼雄 ／ [副会長]滝川精一／鶴田卓彦 ／ [運営委員]滝川精一／河口洋一郎／里中満智子／銭谷眞美／辻村哲夫／小林豊彦 ／ [審査委員](委員長)原島博 ／ [デジタルアート(インタラクティブ／ノンインタラクティブ)部門](主査)原島博 ／ (副主査)原田大三郎 ／ 伊藤幸治／大口孝之／木村卓／草原真知子／松永真 ／ [アニメーション／マンガ部門](主査)石上三登志 ／ (副主査)浜野保樹 ／ 小野耕世／清水勲／鈴木伸一／西村繁男／古川タク ／ [審査協力]川村順一／近藤左千子／田中誠一／林弘幸／由水桂",
      "countryOfOrigin": "日本国",
      "creator": "文化庁メディア芸術祭実行委員会",
      "datePublished": "2002-02-28",
      "description": "【デジタルアート[インタラクティブ]部門】[大賞]突き出す、流れる ／ [優秀賞]ピクミン／J-PHONE Sky Pavilion／コンタクトウォーター／浮遊する視線 ／ 【デジタルアート［ノンインタラクティブ］部門】［大賞］安重（Anjyu) ／ [優秀賞]Insanity／After Image／FADE into WHITE #3／Beauty Kit ／ 【アニメーション部門】[大賞]千と千尋の神隠し／千年女優 ／ [優秀賞]ねこぢる草／睡蓮の人 ／ 【マンガ部門】[大賞]F氏的日常／ [優秀賞]リアル／ビバ,シェフ！／神々の山嶺／クロサワ/炎の映画監督･黒沢明伝 ／ 【特別賞】宮崎駿／ファンタシースターオンライン Ver.2／ファイナルファンタジー",
      "endDate": "2002-03-10",
      "inLanguage": "日本語",
      "location": "東京都写真美術館（恵比寿ガーデンプレイス内）",
      "name": [ {
          "@language": "en",
          "@value": "The 5th Japan Media Arts Festival"
        }, {
          "@language": "ja-hrkt",
          "@value": "ヘイセイ13ネンド [ダイ5カイ] ブンカチョウ メディアゲイジュツサイ"
        },
        "平成13年度［第5回］文化庁メディア芸術祭", {
          "@language": "ja-latn",
          "@value": "Heisei13nendo [dai5kai] bunkacho medeia geijutusai"
        }
      ],
      "startDate": "2002-02-28",
      "url": "http://archive.j-mediaarts.jp/festival/2001/"
    }, {
      "@id": "https://mediaarts-db.bunka.go.jp/id/C431449",
      "@type": "class:Event",
      "label": "平成14年度［第6回］文化庁メディア芸術祭 第6回",
      "identifier": "C431449",
      "additionalType": "class:CO",
      "genre": "催事",
      "eventNumber": "第6回",
      "relatedCollection": "https://mediaarts-db.bunka.go.jp/id/C361697,https://mediaarts-db.bunka.go.jp/id/C262938,https://mediaarts-db.bunka.go.jp/id/C286658,https://mediaarts-db.bunka.go.jp/id/C295172,https://mediaarts-db.bunka.go.jp/id/C369920,https://mediaarts-db.bunka.go.jp/id/C411185,https://mediaarts-db.bunka.go.jp/id/C10340,https://mediaarts-db.bunka.go.jp/id/C10256,https://mediaarts-db.bunka.go.jp/id/C411208,https://mediaarts-db.bunka.go.jp/id/C412612",
      "relatedItem": "https://mediaarts-db.bunka.go.jp/id/M174749,https://mediaarts-db.bunka.go.jp/id/M174750,https://mediaarts-db.bunka.go.jp/id/M174751,https://mediaarts-db.bunka.go.jp/id/M845728,https://mediaarts-db.bunka.go.jp/id/M845745,https://mediaarts-db.bunka.go.jp/id/M845797",
      "seriesName": [ {
          "@language": "ja-hrkt",
          "@value": "ブンカチョウメディアゲイジュツサイ"
        },
        "文化庁メディア芸術祭"
      ],
      "contributor": "[会長]河合隼雄 ／ [副会長]滝川精一／鶴田卓彦 ／ [運営委員]滝川精一／河口洋一郎／里中満智子／銭谷眞美／辻村哲夫／立岩文夫 ／ [審査委員](委員長)原島博 ／ [デジタルアート(インタラクティブ／ノンインタラクティブ)部門](主査)原島博 ／ (副主査)藤幡正樹 ／ 伊藤幸治／大口孝之／木村卓／松永真／三上晴子 ／ [アニメーション／マンガ部門](主査)鈴木伸一 ／  (副主査)浜野保樹 ／ 小野耕世／高畑勲／竹宮惠子／西村繁男／古川タク ／ [審査協力]内田まほろ／岡田智博／川村順一／近藤左千子／田中誠一／西村佳哲／林弘幸／宮崎光弘／由水桂",
      "countryOfOrigin": "日本国",
      "creator": "文化庁メディア芸術祭実行委員会",
      "datePublished": "2003-02-27",
      "description": "【デジタルアート[インタラクティブ]部門】[大賞]SOCIAL MOBILES ／ [優秀賞]HIS MASTER'S VOICE／type R／カムカムタイム／コース ／ [奨励賞]妖怪 ヤミワラシ ／ 【デジタルアート［ノンインタラクティブ］部門】［大賞］TextArc print: Alice's Adventure in Wonderland ／ [優秀賞]I AGAINST I／リッタイポ \"E\"\"A\"\"R\"\"N\"／Justice Runners／ひげ蛙と小兎忍者 ／ [奨励賞]フィッシャーマン ／ 【アニメーション部門】[大賞]クレヨンしんちゃん 嵐を呼ぶアッパレ！戦国大合戦 ／ [優秀賞]アベノ橋魔法☆商店街／攻殻機動隊 STAND ALONE COMPLEX／猫の恩返し／頭山 ／ [奨励賞]電車かもしれない ／ 【マンガ部門】[大賞]セクシーボイス アンド ロボ ／ [優秀賞]ブラックジャックによろしく／20世紀少年／大使閣下の料理人／大掴源氏物語 まろ、ん？ ／ [奨励賞]なぜ博士は怒っているのか ／ 【特別賞】Rez／ライフスライスカレンダーとライフスライスワールドマップ／ほしのこえ／中国からの引揚げ 少年たちの記憶",
      "endDate": "2003-03-09",
      "inLanguage": "日本語",
      "location": "東京都写真美術館（恵比寿ガーデンプレイス内）",
      "name": [ {
          "@language": "en",
          "@value": "The 6th Japan Media Arts Festival"
        },
        "平成14年度［第6回］文化庁メディア芸術祭", {
          "@language": "ja-latn",
          "@value": "Heisei14nendo [dai6kai] bunkacho medeia geijutusai"
        }, {
          "@language": "ja-hrkt",
          "@value": "ヘイセイ14ネンド [ダイ6カイ] ブンカチョウ メディアゲイジュツサイ"
        }
      ],
      "startDate": "2003-02-27",
      "url": "http://archive.j-mediaarts.jp/festival/2002/"
    }, {
      "@id": "https://mediaarts-db.bunka.go.jp/id/C431450",
      "@type": "class:Event",
      "label": "平成15年度［第7回］文化庁メディア芸術祭 第7回",
      "identifier": "C431450",
      "additionalType": "class:CO",
      "genre": "催事",
      "eventNumber": "第7回",
      "relatedCollection": "https://mediaarts-db.bunka.go.jp/id/C272745,https://mediaarts-db.bunka.go.jp/id/C253536,https://mediaarts-db.bunka.go.jp/id/C277493,https://mediaarts-db.bunka.go.jp/id/C318816,https://mediaarts-db.bunka.go.jp/id/C270030,https://mediaarts-db.bunka.go.jp/id/C264158,https://mediaarts-db.bunka.go.jp/id/C411261,https://mediaarts-db.bunka.go.jp/id/C413113,https://mediaarts-db.bunka.go.jp/id/C413162,https://mediaarts-db.bunka.go.jp/id/C412318,https://mediaarts-db.bunka.go.jp/id/C34701",
      "relatedItem": "https://mediaarts-db.bunka.go.jp/id/M744460,https://mediaarts-db.bunka.go.jp/id/M845743,https://mediaarts-db.bunka.go.jp/id/M845792,https://mediaarts-db.bunka.go.jp/id/M845793,https://mediaarts-db.bunka.go.jp/id/M845794",
      "seriesName": [
        "文化庁メディア芸術祭", {
          "@language": "ja-hrkt",
          "@value": "ブンカチョウメディアゲイジュツサイ"
        }
      ],
      "contributor": "[会長]河合隼雄 ／ [運営委員]永田圭司／浜野保樹 ／ [審査委員][アート部門](主査)草原真知子 ／ 伊藤俊治／土佐信道／中谷日出／三上晴子 ／ [エンターテインメント部門](主査)中島信也 ／ 石原恒和／香山リカ／鈴木裕／宮崎光弘 ／ [アニメーション部門](主査)高畑勲 ／ 神村幸子／樋口真嗣／森卓也／山村浩二 ／ [マンガ部門](主査)里中満智子 ／ 小野耕世／木村忠夫／竹宮惠子／ちばてつや",
      "countryOfOrigin": "日本国",
      "creator": "文化庁メディア芸術祭実行委員会",
      "datePublished": "2004-02-27",
      "description": "【アート部門】[大賞]デジタル・ガジェット 6,8,9 ／ [優秀賞]パノラマボールとゼログラフ 映像メディアの別の進化論／three／E-BABY／Venus Villosa ／ [奨励賞]青の軌跡 ／ 【エンターテインメント部門】[大賞]ファイナルファンタジー・クリスタルクロニクル ／ [優秀賞]EyeToy? :Play／スキージャンプ・ペア　オフィシャルDVD／ポケモーション／THEgarden ／ [奨励賞]アトモス～セルフパッケージングムービー～ ／ 【アニメーション部門】[大賞]連句アニメーション「冬の日」 ／ [優秀賞]東京ゴッドファーザーズ／ガラクタ通りのステイン／こまねこ／FRANK ／ [奨励賞]星の子 ／ 【マンガ部門】[大賞]カジムヌガタイ─風が語る沖縄戦─ ／ [優秀賞]ヘルタースケルター／てんじんさん／蟲師／バカ姉弟 ／ [奨励賞]純喫茶のこりび",
      "endDate": "2004-03-07",
      "inLanguage": "日本語",
      "location": "東京都写真美術館（恵比寿ガーデンプレイス内",
      "name": [ {
          "@language": "en",
          "@value": "The 7th Japan Media Arts Festival"
        }, {
          "@language": "ja-latn",
          "@value": "Heisei15nendo [dai7kai] bunkacho medeia geijutusai"
        },
        "平成15年度［第7回］文化庁メディア芸術祭", {
          "@language": "ja-hrkt",
          "@value": "ヘイセイ15ネンド [ダイ7カイ] ブンカチョウ メディアゲイジュツサイ"
        }
      ],
      "startDate": "2004-02-27",
      "url": "http://archive.j-mediaarts.jp/festival/2003/"
    }, {
      "@id": "https://mediaarts-db.bunka.go.jp/id/C431451",
      "@type": "class:Event",
      "label": "平成16年度［第8回］文化庁メディア芸術祭 第8回",
      "identifier": "C431451",
      "additionalType": "class:CO",
      "genre": "催事",
      "eventNumber": "第8回",
      "relatedCollection": "https://mediaarts-db.bunka.go.jp/id/C304358,https://mediaarts-db.bunka.go.jp/id/C304359,https://mediaarts-db.bunka.go.jp/id/C312961,https://mediaarts-db.bunka.go.jp/id/C297940,https://mediaarts-db.bunka.go.jp/id/C254149,https://mediaarts-db.bunka.go.jp/id/C411308,https://mediaarts-db.bunka.go.jp/id/C411318,https://mediaarts-db.bunka.go.jp/id/C31275",
      "relatedItem": "https://mediaarts-db.bunka.go.jp/id/M845757",
      "seriesName": [
        "文化庁メディア芸術祭", {
          "@language": "ja-hrkt",
          "@value": "ブンカチョウメディアゲイジュツサイ"
        }
      ],
      "contributor": "[会長]河合隼雄 ／ [運営委員]永田圭司／浜野保樹 ／ [審査委員][アート部門](主査)草原真知子 ／ 浅葉克己／土佐信道／中谷日出／三上晴子 ／ [エンターテインメント部門](主査)中島信也 ／ 石原恒和／斎藤由多加／鈴木裕／宮崎光弘 ／ [アニメーション部門](主査)富野由悠季 ／ 神村幸子／寺井弘典／樋口真嗣／森卓也 ／ [マンガ部門](主査)里中満智子 ／ 木村忠夫／黒鉄ヒロシ／竹宮惠子／ちばてつや",
      "countryOfOrigin": "日本国",
      "creator": "文化庁メディア芸術祭実行委員会",
      "datePublished": "2005-02-25",
      "description": "【アート部門】[大賞]3 minutes2 ／ [優秀賞]GLOBAL BEARING／Sky Ear／OIO／z reactor ／ [奨励賞]life-size ／ 【エンターテインメント部門】[大賞]まわるメイドインワリオ ／ [優秀賞]Alice in Vivaldi's Four Seasons／ピクトチャット／『鬼武者 3』オープニングシネマティクス／YKK AP EVOLUTION ／ [奨励賞]あかね雲 ／ 【アニメーション部門】[大賞]マインド・ゲーム ／ [優秀賞]ハウルの動く城／まかせてイルか！／ACIDMAN short film ｢彩ｰSAI-(前編)/廻る、巡る、その核へ」／BIRTHDAY BOY ／ [奨励賞]夢 ／ 【マンガ部門】[大賞]夕凪の街 桜の国 ／ [優秀賞]光とともに…～自閉症児を抱えて～／毎日かあさん カニ母編／魔女／バンド・スキュルテ ～プラネット・サムライ ／ [奨励賞] 昭和二十年の絵手紙 私の八月十五日",
      "endDate": "2005-03-06",
      "inLanguage": "日本語",
      "location": "東京都写真美術館（恵比寿ガーデンプレイス内）",
      "name": [ {
          "@language": "en",
          "@value": "The 8th Japan Media Arts Festival"
        }, {
          "@language": "ja-hrkt",
          "@value": "ヘイセイ16ネンド [ダイ8カイ] ブンカチョウ メディアゲイジュツサイ"
        }, {
          "@language": "ja-latn",
          "@value": "Heisei16nendo [dai8kai] bunkacho medeia geijutusai"
        },
        "平成16年度［第8回］文化庁メディア芸術祭"
      ],
      "startDate": "2005-02-25",
      "url": "http://archive.j-mediaarts.jp/festival/2004/"
    }, {
      "@id": "https://mediaarts-db.bunka.go.jp/id/C431452",
      "@type": "class:Event",
      "label": "平成17年度［第9回］文化庁メディア芸術祭 第9回",
      "identifier": "C431452",
      "additionalType": "class:CO",
      "genre": "催事",
      "eventNumber": "第9回",
      "relatedCollection": "https://mediaarts-db.bunka.go.jp/id/C300028,https://mediaarts-db.bunka.go.jp/id/C286848,https://mediaarts-db.bunka.go.jp/id/C319995,https://mediaarts-db.bunka.go.jp/id/C255063,https://mediaarts-db.bunka.go.jp/id/C413200,https://mediaarts-db.bunka.go.jp/id/C413199",
      "relatedItem": "https://mediaarts-db.bunka.go.jp/id/M845768,https://mediaarts-db.bunka.go.jp/id/M845779,https://mediaarts-db.bunka.go.jp/id/M845786",
      "seriesName": [
        "文化庁メディア芸術祭", {
          "@language": "ja-hrkt",
          "@value": "ブンカチョウメディアゲイジュツサイ"
        }
      ],
      "contributor": "[会長]河合隼雄 ／ [運営委員]永田圭司／浜野保樹 ／ [審査委員][アート部門](主査)草原真知子 ／ 浅葉克己／土佐信道／中谷日出／ヤノベケンジ ／ [エンターテインメント部門](主査)中島信也 ／ 石原恒和／斎藤由多加／鈴木裕／宮崎光弘 ／ [アニメーション部門](主査)富野由悠季 ／ 片山雅博／神村幸子／寺井弘典／細田守 ／ [マンガ部門](主査)里中満智子 ／ 木村忠夫／黒鉄ヒロシ／竹宮惠子／モンキー・パンチ",
      "countryOfOrigin": "日本国",
      "creator": "文化庁メディア芸術祭実行委員会",
      "datePublished": "2006-02-24",
      "description": "【アート部門】[大賞]Khronos Projector ／ [優秀賞]Six String Sonics, The／Spyglass／Gate vision／アニマ／ [奨励賞]Conspiratio ／ 【エンターテインメント部門】[大賞]Flip book! ／ [優秀賞]ニンテンドッグス／HIFANA「WAMONO」／三井不動産芝浦アイランド3LDKイメージ映像／ボーダフォンデザインファイル ／ [奨励賞]Incompatible BLOCK ／ 【アニメーション部門】[大賞]浮楼／ [優秀賞]死者の書／かみちゅ！/flowery／年をとった鰐 ／ [奨励賞]seasons ／ 【マンガ部門】[大賞]失踪日記 ／ [優秀賞]PLUTO／エマ／ドラゴン桜／晩夏 ／ [奨励賞] Web4コマ漫画",
      "endDate": "2006-03-05",
      "inLanguage": "日本語",
      "location": "東京都写真美術館（恵比寿ガーデンプレイス内）",
      "name": [ {
          "@language": "en",
          "@value": "The 9th Japan Media Arts Festival"
        }, {
          "@language": "ja-hrkt",
          "@value": "ヘイセイ17ネンド [ダイ9カイ] ブンカチョウ メディアゲイジュツサイ"
        },
        "平成17年度［第9回］文化庁メディア芸術祭", {
          "@language": "ja-latn",
          "@value": "Heisei17nendo [dai9kai] bunkacho medeia geijutusai"
        }
      ],
      "startDate": "2006-02-24",
      "url": "http://archive.j-mediaarts.jp/festival/2005/"
    }, {
      "@id": "https://mediaarts-db.bunka.go.jp/id/C431453",
      "@type": "class:Event",
      "label": "平成18年度［第10回］文化庁メディア芸術祭 第10回",
      "identifier": "C431453",
      "additionalType": "class:CO",
      "genre": "催事",
      "eventNumber": "第10回",
      "relatedCollection": "https://mediaarts-db.bunka.go.jp/id/C258566,https://mediaarts-db.bunka.go.jp/id/C255985,https://mediaarts-db.bunka.go.jp/id/C317706,https://mediaarts-db.bunka.go.jp/id/C254313,https://mediaarts-db.bunka.go.jp/id/C277980,https://mediaarts-db.bunka.go.jp/id/C411413,https://mediaarts-db.bunka.go.jp/id/C10755,https://mediaarts-db.bunka.go.jp/id/C33015,https://mediaarts-db.bunka.go.jp/id/C34216",
      "relatedItem": "https://mediaarts-db.bunka.go.jp/id/M845741,https://mediaarts-db.bunka.go.jp/id/M845769,https://mediaarts-db.bunka.go.jp/id/M845787",
      "seriesName": [
        "文化庁メディア芸術祭", {
          "@language": "ja-hrkt",
          "@value": "ブンカチョウメディアゲイジュツサイ"
        }
      ],
      "contributor": "[会長]近藤信司 ／ [運営委員]永田圭司／浜野保樹 ／ [審査委員][アート部門](主査)浅葉克己 ／ 長谷川祐子／原島博／原田大三郎／ヤノベケンジ ／ [エンターテインメント部門](主査)石原恒和 ／ 鈴木裕／田中秀幸／福井信蔵／水口哲也 ／ [アニメーション部門](主査)富野由悠季 ／ 片山雅博／寺井弘典／樋口真嗣／山村浩二 ／ [マンガ部門](主査)モンキー・パンチ ／ 石坂啓／さいとう・たかを／藤本由香里／わたなべまさこ",
      "countryOfOrigin": "日本国",
      "creator": "文化庁メディア芸術祭実行委員会",
      "datePublished": "2007-02-24",
      "description": "【アート部門】[大賞]Imaginary・Numbers 2006 ／ [優秀賞]Xマン vibration／OLE Coordinate System／front／MediaFlies ／ [奨励賞]Sagrada Familia計画 ／ 【エンターテインメント部門】[大賞]大神 ／ [優秀賞]リズム天国／しゃべる！DSお料理ナビ／CORNELIUS「Fit Song」／日本再発見マップ ／ [奨励賞]雨刀 ／ 【アニメーション部門】[大賞]時をかける少女 ／ [優秀賞]おはなしの花／スキマの国のポルタ／春のめざめ／ピカピカ ／ [奨励賞]La grua y la jirafa (The crane and the giraffe) ／ 【マンガ部門】[大賞]太陽の黙示録 ／ [優秀賞]大奥／大阪ハムレット／百鬼夜行抄／よつばと！ ／ [奨励賞]SHI RI TO RI",
      "endDate": "2007-03-04",
      "inLanguage": "日本語",
      "location": "東京都写真美術館（恵比寿ガーデンプレイス内）",
      "name": [ {
          "@language": "en",
          "@value": "The 10th Japan Media Arts Festival"
        }, {
          "@language": "ja-hrkt",
          "@value": "ヘイセイ18ネンド [ダイ10カイ] ブンカチョウ メディアゲイジュツサイ"
        },
        "平成18年度［第10回］文化庁メディア芸術祭", {
          "@language": "ja-latn",
          "@value": "Heisei18nendo [dai10kai] bunkacho medeia geijutusai"
        }
      ],
      "startDate": "2007-02-24",
      "url": "http://archive.j-mediaarts.jp/festival/2006/"
    }, {
      "@id": "https://mediaarts-db.bunka.go.jp/id/C431454",
      "@type": "class:Event",
      "label": "平成19年度［第11回］文化庁メディア芸術祭 第11回",
      "identifier": "C431454",
      "additionalType": "class:CO",
      "genre": "催事",
      "eventNumber": "第11回",
      "relatedCollection": "https://mediaarts-db.bunka.go.jp/id/C273883,https://mediaarts-db.bunka.go.jp/id/C313480,https://mediaarts-db.bunka.go.jp/id/C320348,https://mediaarts-db.bunka.go.jp/id/C314824,https://mediaarts-db.bunka.go.jp/id/C253228,https://mediaarts-db.bunka.go.jp/id/C309156,https://mediaarts-db.bunka.go.jp/id/C411491,https://mediaarts-db.bunka.go.jp/id/C14813,https://mediaarts-db.bunka.go.jp/id/C11373,https://mediaarts-db.bunka.go.jp/id/C11309,https://mediaarts-db.bunka.go.jp/id/C411512,https://mediaarts-db.bunka.go.jp/id/C32652",
      "relatedItem": "https://mediaarts-db.bunka.go.jp/id/M743841,https://mediaarts-db.bunka.go.jp/id/M720781",
      "seriesName": [
        "文化庁メディア芸術祭", {
          "@language": "ja-hrkt",
          "@value": "ブンカチョウメディアゲイジュツサイ"
        }
      ],
      "contributor": "[会長]青木保 ／ [運営委員]林田英樹／永田圭司／浜野保樹 ／ [審査委員][アート部門](主査)原田大三郎 ／ 佐藤卓／長谷川祐子／原島博／ヤノベケンジ ／ [エンターテインメント部門](主査)水口 哲也 ／ 河津秋敏／田中秀幸／福井信蔵／桝山寛 ／ [アニメーション部門](主査)鈴木伸一 ／幾原邦彦／木船園子／野村辰寿／箭内道彦 ／ [マンガ部門](主査)モンキー・パンチ ／ しりあがり寿／ちばてつや／藤本由香里／わたなべまさこ",
      "countryOfOrigin": "日本国",
      "creator": "文化庁メディア芸術祭実行委員会",
      "datePublished": "2008-02-06",
      "description": "【アート部門】[大賞]nijuman no borei ／ [優秀賞]Se Mi Sei Vicino (If you are close to me)／ビュー・ビュー・View／Camera Lucida:Sonochemical Observatory／ISSEY MIYAKE A-POC INSIDE. ／ [奨励賞]Super Smile ／ 【エンターテインメント部門】[大賞]Wii Sports／ [優秀賞]METAL GEAR SOLID 4 GUNS OF THE PATRIOTS／MONSTER HUNTER PORTABLE 2nd／気づいていますか。／DAYDREAM ／ [奨励賞]匂いをかがれるかぐや姫～日本昔話Remix～ ／ 【アニメーション部門】[大賞]河童のクゥと夏休み ／ [優秀賞]うっかりペネロペ／天元突破グレンラガン／電脳コイル／カフカ 田舎医者 ／ [奨励賞]ウシニチ ／ 【マンガ部門】[大賞]モリのアサガオ ／ [優秀賞]海街diary／鈴木先生／竹光侍／プライド／ [奨励賞]天顕祭",
      "endDate": "2008-02-17",
      "inLanguage": "日本語",
      "location": "国立新美術館（六本木）",
      "name": [
        "平成19年度［第11回］文化庁メディア芸術祭", {
          "@language": "en",
          "@value": "The 11th Japan Media Arts Festival"
        }, {
          "@language": "ja-latn",
          "@value": "Heisei19nendo [dai11kai] bunkacho medeia geijutusai"
        }, {
          "@language": "ja-hrkt",
          "@value": "ヘイセイ19ネンド [ダイ11カイ] ブンカチョウ メディアゲイジュツサイ"
        }
      ],
      "startDate": "2008-02-06",
      "url": "http://archive.j-mediaarts.jp/festival/2007/"
    }, {
      "@id": "https://mediaarts-db.bunka.go.jp/id/C431455",
      "@type": "class:Event",
      "label": "平成20年度［第12回］文化庁メディア芸術祭 第12回",
      "identifier": "C431455",
      "additionalType": "class:CO",
      "genre": "催事",
      "eventNumber": "第12回",
      "relatedCollection": "https://mediaarts-db.bunka.go.jp/id/C253874,https://mediaarts-db.bunka.go.jp/id/C253872,https://mediaarts-db.bunka.go.jp/id/C363978,https://mediaarts-db.bunka.go.jp/id/C330304,https://mediaarts-db.bunka.go.jp/id/C360242,https://mediaarts-db.bunka.go.jp/id/C263474,https://mediaarts-db.bunka.go.jp/id/C263473,https://mediaarts-db.bunka.go.jp/id/C339768,https://mediaarts-db.bunka.go.jp/id/C310601,https://mediaarts-db.bunka.go.jp/id/C11533,https://mediaarts-db.bunka.go.jp/id/C413223",
      "relatedItem": "https://mediaarts-db.bunka.go.jp/id/M176036,https://mediaarts-db.bunka.go.jp/id/M743831",
      "seriesName": [ {
          "@language": "ja-hrkt",
          "@value": "ブンカチョウメディアゲイジュツサイ"
        },
        "文化庁メディア芸術祭"
      ],
      "contributor": "[会長]青木保 ／ [運営委員]林田英樹／永田圭司／浜野保樹 ／ [審査委員][アート部門](主査)原田大三郎 ／ 佐藤卓／長谷川祐子／原島博／宮島達男 ／ [エンターテインメント部門](主査)田中秀幸 ／ 河津秋敏／福井信蔵／桝山寛／水口哲也 ／ [アニメーション部門](主査)鈴木伸一 ／ 幾原邦彦／木船園子／野村辰寿／樋口真嗣 ／ [マンガ部門](主査)ちばてつや ／ しりあがり寿／永井豪／藤本由香里／わたなべまさこ",
      "countryOfOrigin": "日本国",
      "creator": "文化庁メディア芸術祭実行委員会",
      "datePublished": "2009-02-04",
      "description": "【アート部門】[大賞]Oups! ／ [優秀賞]touched echo／touch the Invisibles／Moment-performatives spazieren／OUTSIDE ／ [奨励賞]insider||outsider ／ 【エンターテインメント部門】[大賞]TENORI-ON ／ [優秀賞]Wii Fit／君の身体を変換してみよ展／Carbon Footprint／FONTPARK 2.0 ／ [奨励賞]Gyorol ／ 【アニメーション部門】[大賞]つみきのいえ ／ [優秀賞]カイバ／DREAMS／KUDAN／こどもの形而上学 ／ [奨励賞]ALGOL ／ 【マンガ部門】[大賞]ピアノの森 ／ [優秀賞]Real Clothes／栞と紙魚子／マエストロ／宗像教授異考録 ／ [奨励賞]Cartoon 2008",
      "endDate": "2009-02-15",
      "inLanguage": "日本語",
      "location": "国立新美術館（六本木）",
      "name": [ {
          "@language": "en",
          "@value": "The 12th Japan Media Arts Festival"
        }, {
          "@language": "ja-latn",
          "@value": "Heisei20nendo [dai12kai] bunkacho medeia geijutusai"
        },
        "平成20年度［第12回］文化庁メディア芸術祭", {
          "@language": "ja-hrkt",
          "@value": "ヘイセイ20ネンド [ダイ12カイ] ブンカチョウ メディアゲイジュツサイ"
        }
      ],
      "startDate": "2009-02-04",
      "url": "http://archive.j-mediaarts.jp/festival/2008/"
    }, {
      "@id": "https://mediaarts-db.bunka.go.jp/id/C431456",
      "@type": "class:Event",
      "label": "平成21年度［第13回］文化庁メディア芸術祭 第13回",
      "identifier": "C431456",
      "additionalType": "class:CO",
      "genre": "催事",
      "eventNumber": "第13回",
      "relatedCollection": "https://mediaarts-db.bunka.go.jp/id/C312277,https://mediaarts-db.bunka.go.jp/id/C253774,https://mediaarts-db.bunka.go.jp/id/C254147,https://mediaarts-db.bunka.go.jp/id/C300754,https://mediaarts-db.bunka.go.jp/id/C297783,https://mediaarts-db.bunka.go.jp/id/C366398,https://mediaarts-db.bunka.go.jp/id/C411622,https://mediaarts-db.bunka.go.jp/id/C12078,https://mediaarts-db.bunka.go.jp/id/C413259",
      "relatedItem": "https://mediaarts-db.bunka.go.jp/id/M740922,https://mediaarts-db.bunka.go.jp/id/M845737,https://mediaarts-db.bunka.go.jp/id/M845765",
      "seriesName": [ {
          "@language": "ja-hrkt",
          "@value": "ブンカチョウメディアゲイジュツサイ"
        },
        "文化庁メディア芸術祭"
      ],
      "contributor": "[会長]玉井日出夫 ／ [運営委員]林田英樹／岩木肇／浜野保樹 ／ [審査委員][アート部門](主査)佐藤卓 ／ 岡﨑乾二郎／四方幸子／関口敦仁／辻川幸一郎 ／ [エンターテインメント部門](主査)河津秋敏 ／ 内山光司／後藤繁雄／斎藤由多加／桝山寛 ／ [アニメーション部門](主査)鈴木伸一 ／ 幾原邦彦／木船園子／野村辰寿／樋口真嗣 ／ [マンガ部門](主査)しりあがり寿 ／ さいとうちほ／永井豪／細萱敦／村上知彦",
      "countryOfOrigin": "日本国",
      "creator": "文化庁メディア芸術祭実行委員会",
      "datePublished": "2010-02-03",
      "description": "【アート部門】[大賞]growth modeling device ／ [優秀賞]Mr. Lee Experiment／Nemo Observatorium／SEKILALA／Braun Tube Jazz Band ／ [奨励賞]F-void sample ／ 【エンターテインメント部門】[大賞]日々の音色／ [優秀賞]NARUTOーナルトーナルティメットストーム／電気グルーヴ「Fake It!」／LOVE DISTANCE／scoreLight ／ [奨励賞]アサヒ・アート・フェスティバル ／ 【アニメーション部門】[大賞]サマーウォーズ ／ [優秀賞]屋根裏のポムネンカ／東京マグニチュード8.0／The Cable Car／電信柱エレミの恋 ／ [奨励賞]アニマルダンス ／ 【マンガ部門】[大賞]ヴィンランド・サガ ／ [優秀賞]イムリ／海獣の子供／この世界の片隅に／へうげもの ／ [奨励賞]ヒーシーイット アクア",
      "endDate": "2010-02-14",
      "inLanguage": "日本語",
      "location": "国立新美術館（六本木）",
      "name": [ {
          "@language": "ja-latn",
          "@value": "Heisei21nendo [dai13kai] bunkacho medeia geijutusai"
        },
        "平成21年度［第13回］文化庁メディア芸術祭", {
          "@language": "ja-hrkt",
          "@value": "ヘイセイ21ネンド [ダイ13カイ] ブンカチョウ メディアゲイジュツサイ"
        }, {
          "@language": "en",
          "@value": "The 13th Japan Media Arts Festival"
        }
      ],
      "startDate": "2010-02-03",
      "url": "http://archive.j-mediaarts.jp/festival/2009/"
    }, {
      "@id": "https://mediaarts-db.bunka.go.jp/id/C431457",
      "@type": "class:Event",
      "label": "平成22年度［第14回］文化庁メディア芸術祭 第14回",
      "identifier": "C431457",
      "additionalType": "class:CO",
      "genre": "催事",
      "eventNumber": "第14回",
      "relatedCollection": "https://mediaarts-db.bunka.go.jp/id/C299382,https://mediaarts-db.bunka.go.jp/id/C259813,https://mediaarts-db.bunka.go.jp/id/C265604,https://mediaarts-db.bunka.go.jp/id/C255217,https://mediaarts-db.bunka.go.jp/id/C294401,https://mediaarts-db.bunka.go.jp/id/C339110,https://mediaarts-db.bunka.go.jp/id/C12265,https://mediaarts-db.bunka.go.jp/id/C9804,https://mediaarts-db.bunka.go.jp/id/C411650",
      "relatedItem": "https://mediaarts-db.bunka.go.jp/id/M766242,https://mediaarts-db.bunka.go.jp/id/M845789,https://mediaarts-db.bunka.go.jp/id/M845795",
      "seriesName": [
        "文化庁メディア芸術祭", {
          "@language": "ja-hrkt",
          "@value": "ブンカチョウメディアゲイジュツサイ"
        }
      ],
      "contributor": "[会長]近藤誠一 ／ [運営委員]林田英樹／岩木肇／浜野保樹 ／ [審査委員][アート部門](主査)四方幸子 ／ 岡﨑乾二郎／後藤繁雄／関口敦仁／原研哉 ／ [エンターテインメント部門](主査)堀井雄二 ／ 伊藤ガビン／内山光司／斎藤由多加／寺井弘典 ／ [アニメーション部門](主査)古川タク ／ 伊藤有壱／氷川竜介／樋口真嗣／りんたろう ／ [マンガ部門](主査)永井豪 ／ かわぐちかいじ／さいとうちほ／細萱敦／村上知彦",
      "countryOfOrigin": "日本国",
      "creator": "文化庁メディア芸術祭実行委員会",
      "datePublished": "2011-02-02",
      "description": "【アート部門】[大賞]Cycloid-E ／ [優秀賞]10番目の感傷(点･線･面)／The EyeWriter／NIGHT LESS／The Men In Grey ／ [奨励賞]Succubus ／ 【エンターテインメント部門】[大賞]IS Parade ／ [優秀賞]無限回廊 光と影の箱／サカナクション「アルクアラウンド」/amazarashi「夏を待っていました」／Tabio Slide Show ／ [奨励賞]iPad magic ／ 【アニメーション部門】[大賞]四畳半神話大系 ／ [優秀賞]カラフル／マイマイ新子と千年の魔法／フミコの告白／わからないブタ ／ [奨励賞]The Wonder Hospital Short Animation ／ 【マンガ部門】[大賞]ヒストリエ ／ [優秀賞]孤高の人／風雲児たち 幕末編／ぼくらの／レッド ／ [奨励賞]うちの妻ってどうでしょう？",
      "endDate": "2011-02-13",
      "inLanguage": "日本語",
      "location": "国立新美術館（六本木）/ 東京ミッドタウン",
      "name": [ {
          "@language": "ja-latn",
          "@value": "Heisei22nendo [dai14kai] bunkacho medeia geijutusai"
        }, {
          "@language": "en",
          "@value": "The 14th Japan Media Arts Festival"
        },
        "平成22年度［第14回］文化庁メディア芸術祭", {
          "@language": "ja-hrkt",
          "@value": "ヘイセイ22ネンド [ダイ14カイ] ブンカチョウ メディアゲイジュツサイ"
        }
      ],
      "startDate": "2011-02-02",
      "url": "http://archive.j-mediaarts.jp/festival/2010/"
    }, {
      "@id": "https://mediaarts-db.bunka.go.jp/id/C431458",
      "@type": "class:Event",
      "label": "平成23年度［第15回］文化庁メディア芸術祭 第15回",
      "identifier": "C431458",
      "additionalType": "class:CO",
      "genre": "催事",
      "eventNumber": "第15回",
      "relatedCollection": "https://mediaarts-db.bunka.go.jp/id/C299318,https://mediaarts-db.bunka.go.jp/id/C340486,https://mediaarts-db.bunka.go.jp/id/C290436,https://mediaarts-db.bunka.go.jp/id/C334558,https://mediaarts-db.bunka.go.jp/id/C345284,https://mediaarts-db.bunka.go.jp/id/C412712,https://mediaarts-db.bunka.go.jp/id/C412772,https://mediaarts-db.bunka.go.jp/id/C412700",
      "relatedItem": "https://mediaarts-db.bunka.go.jp/id/M845751,https://mediaarts-db.bunka.go.jp/id/M845761,https://mediaarts-db.bunka.go.jp/id/M845766,https://mediaarts-db.bunka.go.jp/id/M845782",
      "seriesName": [ {
          "@language": "ja-hrkt",
          "@value": "ブンカチョウメディアゲイジュツサイ"
        },
        "文化庁メディア芸術祭"
      ],
      "contributor": "[会長]近藤誠一 ／ [運営委員]建畠哲／濱野保樹／林田英樹 ／ [審査委員][アート部門](主査)岡﨑乾二郎 ／ 神谷幸江／後藤繁雄／関口敦仁／原研哉 ／ [エンターテインメント部門](主査)内山光司 ／ 伊藤ガビン／岩谷徹／斎藤由多加／寺井弘典 ／ [アニメーション部門](主査)古川タク ／ 伊藤有壱／押井守／杉井ギサブロー／氷川竜介 ／ [マンガ部門](主査)さいとうちほ ／ 竹宮惠子／細萱敦／みなもと太郎／村上知彦",
      "countryOfOrigin": "日本国",
      "creator": "文化庁メディア芸術祭実行委員会",
      "datePublished": "2012-02-22",
      "description": "【アート部門】[大賞]Que voz feio(醜い声) ／ [優秀賞]particles／The Saddest Day of My Youth／つながる天気／BLA BLA ／ [新人賞]Monkey Business／SENSELESS DRAWING BOT／HIMATSUBUSHI ／ 【エンターテインメント部門】[大賞]SPACE BALLOON PROJECT ／ [優秀賞]グループ魂「べろべろ」／相転移的装置/The Museum of Me／アナグラのうた～消えた博士と残された装置～ ／ [新人賞]デジタル戦士サンジゲン／Hietsuki Bushi／リズムシ ／ 【アニメーション部門】[大賞]魔法少女まどか☆マギカ ／ [優秀賞]鬼神伝／ももへの手紙／マイブリっ時の糸／Folksongs & Ballads ／ ［新人賞］やさしいマーチ／Rabenjunge（Raven Boy）／rain town ／ 【マンガ部門】[大賞]土星マンション ／ [優秀賞]あの日からのマンガ／皺／秘密　トップ・シークレット／ファン・ホーム　─ある家族の悲喜劇─ ／ [新人賞]なかよし団の冒険／御誂 人情幕ノ内 まげもん。／マスタード・チョコレート",
      "endDate": "2012-03-04",
      "inLanguage": "日本語",
      "location": "国立新美術館（六本木） ／ d-labo ／ TOHOシネマズ六本木ヒルズ ／ メルセデス・ベンツ・コネクション1Fカフェ ／ ニコファーレ",
      "name": [ {
          "@language": "en",
          "@value": "The 15th Japan Media Arts Festival"
        }, {
          "@language": "ja-hrkt",
          "@value": "ヘイセイ23ネンド [ダイ15カイ] ブンカチョウ メディアゲイジュツサイ"
        }, {
          "@language": "ja-latn",
          "@value": "Heisei23nendo [dai15kai] bunkacho medeia geijutusai"
        },
        "平成23年度［第15回］文化庁メディア芸術祭"
      ],
      "startDate": "2012-02-22",
      "url": "http://archive.j-mediaarts.jp/festival/2011/"
    }, {
      "@id": "https://mediaarts-db.bunka.go.jp/id/C431459",
      "@type": "class:Event",
      "label": "平成24年度［第16回］文化庁メディア芸術祭 第16回",
      "identifier": "C431459",
      "additionalType": "class:CO",
      "genre": "催事",
      "eventNumber": "第16回",
      "relatedCollection": "https://mediaarts-db.bunka.go.jp/id/C337560,https://mediaarts-db.bunka.go.jp/id/C266319,https://mediaarts-db.bunka.go.jp/id/C299103,https://mediaarts-db.bunka.go.jp/id/C352686,https://mediaarts-db.bunka.go.jp/id/C265633,https://mediaarts-db.bunka.go.jp/id/C346982,https://mediaarts-db.bunka.go.jp/id/C355640,https://mediaarts-db.bunka.go.jp/id/C335943,https://mediaarts-db.bunka.go.jp/id/C333184,https://mediaarts-db.bunka.go.jp/id/C413336,https://mediaarts-db.bunka.go.jp/id/C412797,https://mediaarts-db.bunka.go.jp/id/C412784,https://mediaarts-db.bunka.go.jp/id/C410601,https://mediaarts-db.bunka.go.jp/id/C413399,https://mediaarts-db.bunka.go.jp/id/C14023,https://mediaarts-db.bunka.go.jp/id/C33746",
      "relatedItem": "https://mediaarts-db.bunka.go.jp/id/M845758",
      "seriesName": [
        "文化庁メディア芸術祭", {
          "@language": "ja-hrkt",
          "@value": "ブンカチョウメディアゲイジュツサイ"
        }
      ],
      "contributor": "[会長]近藤誠一 ／ [運営委員]青木保／浜野保樹／建畠晢 ／ [審査委員][アート部門](主査)岡部あおみ ／ 神谷幸江／高谷史郎／原研哉／三輪眞弘 ／ [エンターテインメント部門](主査)伊藤ガビン ／ 岩谷徹／久保田晃弘／寺井弘典／中村勇吾 ／ [アニメーション部門](主査)氷川竜介 ／ 押井守／古川タク／和田敏克 ／ [マンガ部門](主査)みなもと太郎 ／ 伊藤剛／斎藤宣彦／竹宮惠子／ヤマダトモコ",
      "countryOfOrigin": "日本国",
      "creator": "文化庁メディア芸術祭実行委員会",
      "datePublished": "2013-02-13",
      "description": "【アート部門】[大賞]Pendulum choir ／ [優秀賞]欲望のコード／BETWEEN YESTERDAY&TOMORROW／Bye Buy／On Pause ／ [新人賞]Outback and Beyond／Species series／Strata #4 ／ 【エンターテインメント部門】[大賞]Perfume \"Global Site Project\" ／ [優秀賞]あさっての森／勝手に入るゴミ箱／水道橋重工「KURATAS」／GRAVITY DAZE/重力的眩暈:上層への帰還において、彼女の内宇宙に生じた摂動 ／ [新人賞]どうでもいいね！／永野 亮 「はじめよう」／ハイスイノナサ「地下鉄の動態」 ／ 【アニメーション部門】[大賞]火要鎮 ／ [優秀賞]アシュラ／おおかみこどもの雨と雪／グスコーブドリの伝記／グレートラビット ／ [新人賞]布団／LUPIN the Third ─峰不二子という女─／Oh Willy… ／ 【マンガ部門】[大賞]闇の国々 ／ [優秀賞]岳 みんなの山／ましろのおと／ムチャチョ─ある少年の革命／GUNSLINGER GIRL ／ [新人賞]凍りの掌 シベリア抑留記／千年万年りんごの子／ぼくらのフンカ祭",
      "endDate": "2013-02-24",
      "inLanguage": "日本語",
      "location": "[メイン会場]国立新美術館 ／ [サテライト会場]シネマート六本木 ／ 東京ミッドタウン ／ スーパー・デラックス",
      "name": [ {
          "@language": "ja-hrkt",
          "@value": "ヘイセイ24ネンド [ダイ16カイ] ブンカチョウ メディアゲイジュツサイ"
        }, {
          "@language": "ja-latn",
          "@value": "Heisei24nendo [dai16kai] bunkacho medeia geijutusai"
        }, {
          "@language": "en",
          "@value": "The 16th Japan Media Arts Festival"
        },
        "平成24年度［第16回］文化庁メディア芸術祭"
      ],
      "startDate": "2013-02-13",
      "url": "http://archive.j-mediaarts.jp/festival/2012/"
    }, {
      "@id": "https://mediaarts-db.bunka.go.jp/id/C431460",
      "@type": "class:Event",
      "label": "平成25年度［第17回］文化庁メディア芸術祭 第17回",
      "identifier": "C431460",
      "additionalType": "class:CO",
      "genre": "催事",
      "eventNumber": "第17回",
      "relatedCollection": "https://mediaarts-db.bunka.go.jp/id/C332620,https://mediaarts-db.bunka.go.jp/id/C336077,https://mediaarts-db.bunka.go.jp/id/C333645,https://mediaarts-db.bunka.go.jp/id/C333040,https://mediaarts-db.bunka.go.jp/id/C343848,https://mediaarts-db.bunka.go.jp/id/C332592,https://mediaarts-db.bunka.go.jp/id/C334891,https://mediaarts-db.bunka.go.jp/id/C14174,https://mediaarts-db.bunka.go.jp/id/C14840,https://mediaarts-db.bunka.go.jp/id/C413429,https://mediaarts-db.bunka.go.jp/id/C413334,https://mediaarts-db.bunka.go.jp/id/C412816",
      "relatedItem": "https://mediaarts-db.bunka.go.jp/id/M845732",
      "seriesName": [ {
          "@language": "ja-hrkt",
          "@value": "ブンカチョウメディアゲイジュツサイ"
        },
        "文化庁メディア芸術祭"
      ],
      "contributor": "[会長]近藤誠一 ／ [運営委員]青木保／建畠晢／古川タク ／ [審査委員][アート部門](主査)三輪眞弘 ／ 植松由佳／岡部あおみ／後々田寿徳／高谷史郎 ／ [エンターテインメント部門](主査)岩谷徹 ／ 飯田和敏／宇川直宏／久保田晃弘／中村勇吾 ／ [アニメーション部門](主査)和田敏克 ／ 大井文雄／小出正志／杉井ギサブロー／森本晃司 ／ [マンガ部門](主査)みなもと太郎 ／伊藤剛／斎藤宣彦／すがやみつる／ヤマダトモコ",
      "countryOfOrigin": "日本国",
      "creator": "文化庁メディア芸術祭実行委員会",
      "datePublished": "2014-02-05",
      "description": "【アート部門】[大賞]crt mgn ／ [優秀賞]  を超える為の余白／Dronestagram／Situation Rooms／The Big Atlas of LA Pools ／ [新人賞]Learn to be a Machine｜DistantObject #1／Maquila Region 4／The SKOR Codex ／ 【エンターテインメント部門】[大賞]Sound of Honda/Ayrton Senna 1989 ／ [優秀賞]スポーツタイムマシン／トラヴィス 「ムーヴィング」／プラモデルによる空想具現化／燃える仏像人間 ／ [新人賞]ゼゼヒヒ／やけのはら 「RELAXIN'」／TorqueL prototype 2013.03 @ E3 ／ 【アニメーション部門】[大賞]はちみつ色のユン ／ [優秀賞]有頂天家族／ゴールデンタイム／サカサマのパテマ／ヱヴァンゲリヲン新劇場版：Q ／ [新人賞]ようこそぼくです選／Airy Me／WHILE THE CROW WEEPS ─カラスの涙─ ／ 【マンガ部門】[大賞]ジョジョリオン─ジョジョの奇妙な冒険Part8─ ／ [優秀賞]昭和元禄落語心中／それでも町は廻っている／ちいさこべえ／ひきだしにテラリウム ／ [新人賞]アリスと蔵六／塩素の味／夏休みの町",
      "endDate": "2014-02-16",
      "inLanguage": "日本語",
      "location": "[メイン会場]国立新美術館 ／ [サテライト会場]シネマート六本木 ／ 東京ミッドタウン ／ スーパー・デラックス",
      "name": [ {
          "@language": "en",
          "@value": "The 17th Japan Media Arts Festival"
        },
        "平成25年度［第17回］文化庁メディア芸術祭", {
          "@language": "ja-hrkt",
          "@value": "ヘイセイ25ネンド [ダイ17カイ] ブンカチョウ メディアゲイジュツサイ"
        }, {
          "@language": "ja-latn",
          "@value": "Heisei25nendo [dai17kai] bunkacho medeia geijutusai"
        }
      ],
      "startDate": "2014-02-05",
      "url": "http://archive.j-mediaarts.jp/festival/2013/"
    }, {
      "@id": "https://mediaarts-db.bunka.go.jp/id/C431461",
      "@type": "class:Event",
      "label": "平成26年度［第18回］文化庁メディア芸術祭 第18回",
      "identifier": "C431461",
      "additionalType": "class:CO",
      "genre": "催事",
      "eventNumber": "第18回",
      "relatedCollection": "https://mediaarts-db.bunka.go.jp/id/C340168,https://mediaarts-db.bunka.go.jp/id/C320240,https://mediaarts-db.bunka.go.jp/id/C350699,https://mediaarts-db.bunka.go.jp/id/C359569,https://mediaarts-db.bunka.go.jp/id/C333137,https://mediaarts-db.bunka.go.jp/id/C345995,https://mediaarts-db.bunka.go.jp/id/C332028,https://mediaarts-db.bunka.go.jp/id/C338420,https://mediaarts-db.bunka.go.jp/id/C413433,https://mediaarts-db.bunka.go.jp/id/C413441",
      "relatedItem": "https://mediaarts-db.bunka.go.jp/id/M181220,https://mediaarts-db.bunka.go.jp/id/M845752,https://mediaarts-db.bunka.go.jp/id/M845798",
      "seriesName": [
        "文化庁メディア芸術祭", {
          "@language": "ja-hrkt",
          "@value": "ブンカチョウメディアゲイジュツサイ"
        }
      ],
      "contributor": "[会長]青柳正規 ／ [運営委員]青木保／建畠晢／古川タク ／ [審査委員][アート部門](主査)三輪眞弘 ／ 植松由佳／岡部あおみ／佐藤守弘／高谷史郎 ／ [エンターテインメント部門](主査)久保田晃弘 ／ 飯田和敏／宇川直宏／東泉一郎／米光一成 ／ [アニメーション部門](主査)和田敏克 ／ 大井文雄／小出正志／髙橋良輔 ／ [マンガ部門](主査)すがやみつる ／ 伊藤剛／犬木加奈子／斎藤宣彦／ヤマダトモコ",
      "countryOfOrigin": "日本国",
      "creator": "文化庁メディア芸術祭実行委員会",
      "datePublished": "2015-02-04",
      "description": "【アート部門】[優秀賞]これは映画ではないらしい／センシング・ストリームズ─不可視、不可聴／Drone Survival Guide／Nyloid／《 patrinia yellow 》for Clarinet and Computer ／ [新人賞]A Tale of Tehrangeles／Symbiotic Machine／Temps mort / Idle times ? dinner scene ／ 【エンターテインメント部門】[大賞]Ingress ／ [優秀賞]のらもじ発見プロジェクト／handiii／Kintsugi／3RD ／ [新人賞]Auto-Complain／Slime Synthesizer／5D ARCHIVE DEPT. ／ 【アニメーション部門】[大賞]The Wound ／ [優秀賞]映画クレヨンしんちゃん「ガチンコ！逆襲のロボとーちゃん」／ジョバンニの島／PADRE／The Sense of touch ／ [新人賞]コップの中の子牛／たまこラブストーリー／Man on the chair ／ 【マンガ部門】[大賞]五色の舟 ／ [優秀賞]アオイホノオ／チャイニーズ・ライフ／春風のスネグラチカ／羊の木 ／ [新人賞]愛を喰らえ！！／ちーちゃんはちょっと足りない／どぶがわ",
      "endDate": "2015-02-15",
      "inLanguage": "日本語",
      "location": "国立新美術館 ／ シネマート六本木 ／ スーパー・デラックス",
      "name": [
        "平成26年度［第18回］文化庁メディア芸術祭", {
          "@language": "ja-hrkt",
          "@value": "ヘイセイ26ネンド [ダイ18カイ] ブンカチョウ メディアゲイジュツサイ"
        }, {
          "@language": "ja-latn",
          "@value": "Heisei26nendo [dai18kai] bunkacho medeia geijutusai"
        }, {
          "@language": "en",
          "@value": "The 18th Japan Media Arts Festival"
        }
      ],
      "startDate": "2015-02-04",
      "url": "http://archive.j-mediaarts.jp/festival/2014/"
    }, {
      "@id": "https://mediaarts-db.bunka.go.jp/id/C431462",
      "@type": "class:Event",
      "label": "平成27年度［第19回］文化庁メディア芸術祭 第19回",
      "identifier": "C431462",
      "additionalType": "class:CO",
      "genre": "催事",
      "eventNumber": "第19回",
      "relatedCollection": "https://mediaarts-db.bunka.go.jp/id/C333239,https://mediaarts-db.bunka.go.jp/id/C359627,https://mediaarts-db.bunka.go.jp/id/C354780,https://mediaarts-db.bunka.go.jp/id/C337233,https://mediaarts-db.bunka.go.jp/id/C355656,https://mediaarts-db.bunka.go.jp/id/C355271,https://mediaarts-db.bunka.go.jp/id/C413472,https://mediaarts-db.bunka.go.jp/id/C413478",
      "relatedItem": "https://mediaarts-db.bunka.go.jp/id/M845736",
      "seriesName": [ {
          "@language": "ja-hrkt",
          "@value": "ブンカチョウメディアゲイジュツサイ"
        },
        "文化庁メディア芸術祭"
      ],
      "contributor": "[会長]青柳正規 ／ [運営委員]青木保／建畠晢／古川タク ／ [審査委員][アート部門](主査)植松由佳 ／ 石田尚志／佐藤守弘／中ザワヒデキ／藤本由紀夫 ／ [エンターテインメント部門](主査)飯田和敏 ／ 宇川直宏／工藤健志／東泉一郎／米光一成 ／ [アニメーション部門](主査)小出正志 ／ 大井文雄／髙橋良輔／森本晃司／山村浩二 ／ [マンガ部門](主査)すがやみつる ／ 門倉紫麻／犬木加奈子／古永真一／松田洋子",
      "countryOfOrigin": "日本国",
      "creator": "文化庁メディア芸術祭実行委員会",
      "datePublished": "2016-02-03",
      "description": "【アート部門】[大賞]50 ． Shades of Grey ／ [優秀賞]The sound of empty space／Ultraorbism／Wutburger／(不)可能な子供、01:朝子とモリガの場合 ／ [新人賞]算道／Communication with the Future - The Petroglyphomat／Gill & Gill ／ 【エンターテインメント部門】[大賞]正しい数の数え方 ／ [優秀賞]Dark Echo／Drawing Operations Unit:Generation 1／Solar Pink Pong／Thumper ／ [新人賞]ほったまるびより／Black Death／group_inou｢EYE」 ／ 【アニメーション部門】[大賞]Rhizome ／ [優秀賞]花とアリス殺人事件／Isand(The Master)／My Home／Yul and the Snake ／ [新人賞]台風のノルダ／Chulyen, a Crow's tale／Deux Amis(Two Friends) ／ 【マンガ部門】[大賞]かくかくしかじか ／ [優秀賞]淡島百景／弟の夫／機械仕掛けの愛／Non-working City ／ [新人賞]エソラゴト／たましい いっぱい／町田くんの世界",
      "endDate": "2016-02-14",
      "inLanguage": "日本語",
      "location": "国立新美術館 ／ ＴＯＨＯシネマズ 六本木ヒルズ ／ スーパー・デラックス ／ セルバンテス文化センター東京",
      "name": [ {
          "@language": "ja-hrkt",
          "@value": "ヘイセイ27ネンド [ダイ19カイ] ブンカチョウ メディアゲイジュツサイ"
        }, {
          "@language": "en",
          "@value": "The 19th Japan Media Arts Festival"
        }, {
          "@language": "ja-latn",
          "@value": "Heisei27nendo [dai19kai] bunkacho medeia geijutusai"
        },
        "平成27年度［第19回］文化庁メディア芸術祭"
      ],
      "startDate": "2016-02-03",
      "url": "http://archive.j-mediaarts.jp/festival/2015/"
    }, {
      "@id": "https://mediaarts-db.bunka.go.jp/id/C431463",
      "@type": "class:Event",
      "label": "平成29年度［第20回］文化庁メディア芸術祭 第20回",
      "identifier": "C431463",
      "additionalType": "class:CO",
      "genre": "催事",
      "eventNumber": "第20回",
      "relatedCollection": "https://mediaarts-db.bunka.go.jp/id/C332723,https://mediaarts-db.bunka.go.jp/id/C291299,https://mediaarts-db.bunka.go.jp/id/C364206,https://mediaarts-db.bunka.go.jp/id/C355218,https://mediaarts-db.bunka.go.jp/id/C332800,https://mediaarts-db.bunka.go.jp/id/C333051,https://mediaarts-db.bunka.go.jp/id/C334005,https://mediaarts-db.bunka.go.jp/id/C355156,https://mediaarts-db.bunka.go.jp/id/C413599,https://mediaarts-db.bunka.go.jp/id/C413563",
      "relatedItem": "https://mediaarts-db.bunka.go.jp/id/M845742,https://mediaarts-db.bunka.go.jp/id/M845770",
      "seriesName": [
        "文化庁メディア芸術祭", {
          "@language": "ja-hrkt",
          "@value": "ブンカチョウメディアゲイジュツサイ"
        }
      ],
      "contributor": "[会長]宮田亮平 ／ [運営委員]青木保／建畠晢／古川タク ／ [審査委員][アート部門](主査)佐藤守弘 ／ 石田尚志／中ザワヒデキ／藤本由紀夫／森山朋絵 ／ [エンターテインメント部門](主査)東泉一郎 ／ 遠藤雅伸／工藤健志／佐藤直樹／米光一成 ／ [アニメーション部門](主査)髙橋良輔 ／ 木船徳光／西久保瑞穂／森野和馬／横田正夫 ／ [マンガ部門](主査)犬木加奈子 ／ 門倉紫麻／古永真一／松田洋子／みなもと太郎 ／ [選考委員][アート部門]田所淳／西川美穂子／服部浩之／福原志保／藤川悠／水野勝仁",
      "countryOfOrigin": "日本国",
      "creator": "文化庁メディア芸術祭実行委員会",
      "datePublished": "2017-09-16",
      "description": "【アート部門】[大賞]Interface I ／ [優秀賞]培養都市／Alter／Jller／The Living Language Project ／ [新人賞]あなたは、翌日私に会いにそこに戻ってくるでしょう。／DCT:SYPHONING. The 1000000th interval.／The Wall ／ 【エンターテインメント部門】[大賞]シン･ゴジラ ／ [優秀賞]デジタルシャーマン･プロジェクト／NO SALT RESTAURANT／Pokemon GO／Unlimited Corridor ／ [新人賞]岡崎体育｢MUSIC VIDEO｣／ObOrO／RADIX | ORGANISM/APPARATUS ／ 【アニメーション部門】[大賞]君の名は。 ／ [優秀賞]映画『聲の形』／父を探して／A Love Story／Among the black waves ／ [新人賞]ムーム／I Have Dreamed Of You So Much／Rebellious ／ 【マンガ部門】[大賞]BLUE GIANT ／ [優秀賞]総務部総務課山口六平太／未生 ミセン／有害都市／Sunny ／ [新人賞]応天の門／月に吠えらんねえ／ヤスミーン",
      "endDate": "2017-09-28",
      "inLanguage": "日本語",
      "location": "[メイン会場] NTT インターコミュニケーション・センター［ICC］ ／ 東京オペラシティ アートギャラリー ／ [サテライト会場]FabCafe Tokyo ／ TOHOシネマズ 新宿 ／ 笹塚ボウル ／ サナギ 新宿 ／ 社会福祉法人トット基金 トット文化館 ／ 新宿区立子ども総合センター ／ 東京工芸大学 ／ ニュウマン新宿 ／ 目白大学 ／ 学校法人・専門学校 HAL東京 総合校舎コクーンタワー ／ ブラジル大使館 ／ ルミネ新宿（ルミネ1／ルミネ2）",
      "name": [ {
          "@language": "en",
          "@value": "The 20th Japan Media Arts Festival"
        },
        "平成29年度［第20回］文化庁メディア芸術祭", {
          "@language": "ja-hrkt",
          "@value": "ヘイセイ29ネンド [ダイ20カイ] ブンカチョウ メディアゲイジュツサイ"
        }, {
          "@language": "ja-latn",
          "@value": "Heisei29nendo [dai20kai] bunkacho medeia geijutusai"
        }
      ],
      "startDate": "2017-09-16",
      "url": "http://archive.j-mediaarts.jp/festival/2017/"
    }, {
      "@id": "https://mediaarts-db.bunka.go.jp/id/C431464",
      "@type": "class:Event",
      "label": "平成30年度［第21回］文化庁メディア芸術祭 第21回",
      "identifier": "C431464",
      "additionalType": "class:CO",
      "genre": "催事",
      "eventNumber": "第21回",
      "relatedCollection": "https://mediaarts-db.bunka.go.jp/id/C369199,https://mediaarts-db.bunka.go.jp/id/C362001,https://mediaarts-db.bunka.go.jp/id/C361035,https://mediaarts-db.bunka.go.jp/id/C366560,https://mediaarts-db.bunka.go.jp/id/C361815,https://mediaarts-db.bunka.go.jp/id/C369611,https://mediaarts-db.bunka.go.jp/id/C367078,https://mediaarts-db.bunka.go.jp/id/C413603,https://mediaarts-db.bunka.go.jp/id/C413670,https://mediaarts-db.bunka.go.jp/id/C16015",
      "relatedItem": "https://mediaarts-db.bunka.go.jp/id/M819826,https://mediaarts-db.bunka.go.jp/id/M763035,https://mediaarts-db.bunka.go.jp/id/M763036,https://mediaarts-db.bunka.go.jp/id/M763037,https://mediaarts-db.bunka.go.jp/id/M763038,https://mediaarts-db.bunka.go.jp/id/M763039,https://mediaarts-db.bunka.go.jp/id/M763040,https://mediaarts-db.bunka.go.jp/id/M845729,https://mediaarts-db.bunka.go.jp/id/M845781",
      "seriesName": [ {
          "@language": "ja-hrkt",
          "@value": "ブンカチョウメディアゲイジュツサイ"
        },
        "文化庁メディア芸術祭"
      ],
      "contributor": "[会長]宮田亮平 ／ [運営委員]青木保／建畠晢／古川タク ／ [審査委員][アート部門](主査)中ザワヒデキ ／ 阿部一直／石田尚志／藤本由紀夫／森山朋絵 ／ [エンターテインメント部門](主査)工藤健志 ／ 遠藤雅伸／齋藤精一／佐藤直樹／中川大地 ／ [アニメーション部門](主査)横田正夫 ／ 宇田鋼之介／木船徳光／西久保瑞穂／森野和馬 ／ [マンガ部門](主査)みなもと太郎 ／ 門倉紫麻／白井弓子／古永真一／松田洋子 ／ [選考委員][アート部門]金澤韻／田所淳／服部浩之／福原志保／藤川悠／水野勝仁 ／ [マンガ部門]おぎのひとし／倉持佳代子／新美ぬゑ／西原麻里／松田尚正／三浦知志",
      "countryOfOrigin": "日本国",
      "creator": "文化庁メディア芸術祭実行委員会",
      "datePublished": "2018-06-13",
      "description": "【アート部門】[大賞]Interstices/OupsⅠ- OupsⅡ ／ [優秀賞]アバターズ／進化する恋人たちの社会における高速伝記／水準原点／Language Producing Factory ／ [新人賞]I'm In The Computer Memory!／Panderer（Seventeen Seconds)／The Dither is Naked ／ 【エンターテインメント部門】[大賞]人喰いの大鷲トリコ ／ [優秀賞]FORESTA LUMINA／INDUSTRIAL JP／PaintsChainer／Pechat ／ [新人賞]盲目の魚 -The Blind Fish-／Dust／MetaLimbs ／ 【アニメーション部門】[大賞]この世界の片隅に／夜明け告げるルーのうた ／ [優秀賞]ハルモニア feat. Makoto／COCOLORS／Nagative Space ／ [新人賞]舟を編む／The First Thunder／Yin ／ 【マンガ部門】[大賞]ねぇ、ママ ／ [優秀賞]銃座のウルナ／ニュクスの角灯／夜の眼は千でございます／AIの遺電子 ／ [新人賞]甘木唯子のツノと愛／バクちゃん／BEASTARS",
      "endDate": "2018-06-24",
      "inLanguage": "日本語",
      "location": "国立新美術館 ／ ＴＯＨＯシネマズ 六本木ヒルズ ／ インターナショナル・デザイン・リエゾンセンター ／ スーパー・デラックス ／ 表参道ヒルズ ／ ルミネ新宿　他",
      "name": [
        "平成30年度［第21回］文化庁メディア芸術祭", {
          "@language": "en",
          "@value": "The 21st Japan Media Arts Festival"
        }, {
          "@language": "ja-latn",
          "@value": "Heisei30nendo [dai21kai] bunkacho medeia geijutusai"
        }, {
          "@language": "ja-hrkt",
          "@value": "ヘイセイ30ネンド [ダイ21カイ] ブンカチョウ メディアゲイジュツサイ"
        }
      ],
      "startDate": "2018-06-13",
      "url": "http://archive.j-mediaarts.jp/festival/2018/"
    }, {
      "@id": "https://mediaarts-db.bunka.go.jp/id/C431465",
      "@type": "class:Event",
      "label": "平成31年度［第22回］文化庁メディア芸術祭 第22回",
      "identifier": "C431465",
      "additionalType": "class:CO",
      "genre": "催事",
      "eventNumber": "第22回",
      "relatedCollection": "https://mediaarts-db.bunka.go.jp/id/C366889,https://mediaarts-db.bunka.go.jp/id/C362435,https://mediaarts-db.bunka.go.jp/id/C369209,https://mediaarts-db.bunka.go.jp/id/C367669,https://mediaarts-db.bunka.go.jp/id/C424025,https://mediaarts-db.bunka.go.jp/id/C416826,https://mediaarts-db.bunka.go.jp/id/C421876,https://mediaarts-db.bunka.go.jp/id/C412588",
      "relatedItem": "https://mediaarts-db.bunka.go.jp/id/M845725,https://mediaarts-db.bunka.go.jp/id/M845753,https://mediaarts-db.bunka.go.jp/id/M845760,https://mediaarts-db.bunka.go.jp/id/M845762",
      "seriesName": [ {
          "@language": "ja-hrkt",
          "@value": "ブンカチョウメディアゲイジュツサイ"
        },
        "文化庁メディア芸術祭"
      ],
      "contributor": "[会長]宮田亮平 ／ [運営委員]建畠晢／古川タク ／ [審査委員][アート部門](主査)森山朋絵 ／ 秋庭史典／阿部一直／池上高志／ゲオアグ・トレメル ／ [エンターテインメント部門](主査)遠藤雅伸 ／ 川田十夢／齋藤精一／佐藤直樹／中川大地 ／ [アニメーション部門](主査)横田正夫 ／ 宇田鋼之介／木船徳光／西久保瑞穂／森野和馬 ／ [マンガ部門](主査)みなもと太郎 ／ 表智之／川原和子／白井弓子／西炯子 ／ [選考委員][アート部門]金澤韻／田所淳／渡邉朋也／伊村靖子／藤川悠／水野勝仁 ／ [マンガ部門]おぎのひとし／倉持佳代子／小田切博／西原麻里／松田尚正／三浦知志",
      "countryOfOrigin": "日本国",
      "creator": "文化庁メディア芸術祭実行委員会",
      "datePublished": "2019-06-01",
      "description": "【アート部門】[大賞]Pulses/Grains/Phase/Moire ／ [優秀賞]Culturing<Paper>cut／datum／discrete figures／Lasermice ／ [新人賞]SPARE(not mine)／Total Tolstoy／watage ／ 【エンターテインメント部門】[大賞]チコちゃんに叱られる！ ／ [優秀賞]歌舞伎町　探偵セブン／LINNE LENS／Perfume x Technology presents \"Reframe\"／TikTok ／ [新人賞]水曜日のカンパネラ『かぐや姫』／春／Pixel Ripped 1989 ／ 【アニメーション部門】[大賞]La Chute ／ [優秀賞]大人のためのグリム童話 手をなくした少女／ひそねとまそたん／ペンギン・ハイウェイ／若おかみは小学生！ ／ [新人賞]透明人間／Am I a Wolf?／The Little Ship ／ 【マンガ部門】[大賞]ORIGIN ／ [優秀賞]宇宙戦艦ティラミス／凪のお暇／百と卍／夕暮れへ ／ [新人賞]黄色い円盤／見えない違い─私はアスペルガー／メタモルフォーゼの縁側",
      "endDate": "2019-06-16",
      "inLanguage": "日本語",
      "location": "日本科学未来館 ／ フジテレビ湾岸スタジオ ／ 東京国際交流館 ／ BMW GROUP Tokyo Bay ／ シンボルプロムナード公園 他",
      "name": [ {
          "@language": "en",
          "@value": "The 22nd Japan Media Arts Festival"
        }, {
          "@language": "ja-latn",
          "@value": "Heisei31nendo [dai22kai] bunkacho medeia geijutusai"
        },
        "平成31年度［第22回］文化庁メディア芸術祭", {
          "@language": "ja-hrkt",
          "@value": "ヘイセイ31ネンド [ダイ22カイ] ブンカチョウ メディアゲイジュツサイ"
        }
      ],
      "startDate": "2019-06-01",
      "url": "http://archive.j-mediaarts.jp/festival/2019/"
    }, {
      "@id": "https://mediaarts-db.bunka.go.jp/id/C431466",
      "@type": "class:Event",
      "label": "令和2年度［第23回］文化庁メディア芸術祭 第23回",
      "identifier": "C431466",
      "additionalType": "class:CO",
      "genre": "催事",
      "eventNumber": "第23回",
      "relatedCollection": "https://mediaarts-db.bunka.go.jp/id/C357964,https://mediaarts-db.bunka.go.jp/id/C270932",
      "relatedItem": "https://mediaarts-db.bunka.go.jp/id/M813976,https://mediaarts-db.bunka.go.jp/id/M821526,https://mediaarts-db.bunka.go.jp/id/M825895,https://mediaarts-db.bunka.go.jp/id/M810433,https://mediaarts-db.bunka.go.jp/id/M810429,https://mediaarts-db.bunka.go.jp/id/M815286,https://mediaarts-db.bunka.go.jp/id/M823152,https://mediaarts-db.bunka.go.jp/id/M807474,https://mediaarts-db.bunka.go.jp/id/M819018,https://mediaarts-db.bunka.go.jp/id/M826739,https://mediaarts-db.bunka.go.jp/id/M809054,https://mediaarts-db.bunka.go.jp/id/M818594,https://mediaarts-db.bunka.go.jp/id/M811342,https://mediaarts-db.bunka.go.jp/id/M810171,https://mediaarts-db.bunka.go.jp/id/M845747,https://mediaarts-db.bunka.go.jp/id/M845773,https://mediaarts-db.bunka.go.jp/id/M845778",
      "seriesName": [ {
          "@language": "ja-hrkt",
          "@value": "ブンカチョウメディアゲイジュツサイ"
        },
        "文化庁メディア芸術祭"
      ],
      "contributor": "[会長]宮田亮平 ／ [運営委員]建畠晢／古川タク ／ [審査委員][アート部門]秋庭史典／阿部一直／池上高志／ゲオアグ・トレメル／田坂博子 ／ [エンターテインメント部門]川田十夢／齋藤精一／時田貴司／中川大地／森本千絵 ／ [アニメーション部門]宇田鋼之介／佐藤竜雄／須川亜紀子／横須賀令子／和田淳 ／ [マンガ部門]表智之／川原和子／倉田よしみ／白井弓子／西炯子 ／ [フェスティバル・プラットフォーム賞]川村真司／水口哲也／水谷仁美 ／ [選考委員][アート部門]伊村靖子／高尾俊介／津田道子／萩原俊矢／平川紀道／明貫紘子／指吸保子／渡邉朋也 ／ [マンガ部門]猪俣紀子／おぎのひとし／小田切博／久保直子／倉持佳代子／西原麻里／日高利泰／松田尚正／三浦知志",
      "countryOfOrigin": "日本国",
      "creator": "文化庁メディア芸術祭実行委員会",
      "datePublished": "2020-09-19",
      "description": "【アート部門】[大賞][ir]reverent: Miracles on Demand ／ [優秀賞]between #4 Black Aura／Ferriscope／Soundform No.1／Two Hundred and Seventy ／ [新人賞]drawhearts／Latent Space／Lenna ／ [ソーシャル・インパクト賞] SOMEONE ／ 【エンターテインメント部門】[大賞]Shadows as Athletes ／ [優秀賞]大喜利AI＆千原エンジニア／amazarashi 武道館公演『朗読演奏実験空間\"新言語秩序\"』／CELLMate／SEKIRO: SHADOWS DIE TWICE ／ [新人賞]トントンボイス相撲／Buddience 仏像の顔貌を科学する／PickHits ／ [ソーシャル・インパクト賞]移動を無料に nommoc ／ ［U-18賞］まほう ／ 【アニメーション部門】[大賞]海獣の子供 ／ [優秀賞]ある日本の絵描き少年／ごん／ロング・ウェイ・ノース 地球のてっぺん／Nettle Head ／ [新人賞]向かうねずみ／浴場の象／Daughter ／ [ソーシャル・インパクト賞]天気の子 ／ 【マンガ部門】[大賞]ロボ・サピエンス前史 ／ [優秀賞]あした死ぬには、／ダブル／鼻下長紳士回顧録／未来のアラブ人 中東の子ども時代（1978?1984） ／ [新人賞]大人になれば／花と頬／夢中さ、きみに。 ／ [ソーシャル・インパクト賞]闇金ウシジマくん",
      "endDate": "2020-09-27",
      "inLanguage": "日本語",
      "location": "日本科学未来館（東京,お台場）",
      "name": [ {
          "@language": "ja-hrkt",
          "@value": "レイワ2ネンド [ダイ23カイ] ブンカチョウ メディアゲイジュツサイ"
        }, {
          "@language": "ja-latn",
          "@value": "Reiwa2nendo [dai23kai] bunkacho medeia geijutusai"
        }, {
          "@language": "en",
          "@value": "The 23rd Japan Media Arts Festival"
        },
        "令和2年度［第23回］文化庁メディア芸術祭"
      ],
      "startDate": "2020-09-19",
      "url": "http://archive.j-mediaarts.jp/festival/2020/"
    }
  ],
  "@context": {
    "relatedItem": {
      "@id": "https://mediaarts-db.bunka.go.jp/data/property#relatedItem",
      "@type": "@id"
    },
    "inLanguage": {
      "@id": "https://schema.org/inLanguage"
    },
    "datePublished": {
      "@id": "https://schema.org/datePublished"
    },
    "seriesName": {
      "@id": "https://mediaarts-db.bunka.go.jp/data/property#seriesName"
    },
    "url": {
      "@id": "https://schema.org/url",
      "@type": "@id"
    },
    "eventNumber": {
      "@id": "https://mediaarts-db.bunka.go.jp/data/property#eventNumber"
    },
    "label": {
      "@id": "http://www.w3.org/2000/01/rdf-schema#label"
    },
    "creator": {
      "@id": "https://schema.org/creator"
    },
    "identifier": {
      "@id": "https://schema.org/identifier"
    },
    "name": {
      "@id": "https://schema.org/name"
    },
    "contributor": {
      "@id": "https://schema.org/contributor"
    },
    "endDate": {
      "@id": "https://schema.org/endDate"
    },
    "genre": {
      "@id": "https://schema.org/genre"
    },
    "location": {
      "@id": "https://schema.org/location"
    },
    "startDate": {
      "@id": "https://schema.org/startDate"
    },
    "description": {
      "@id": "https://schema.org/description"
    },
    "countryOfOrigin": {
      "@id": "https://schema.org/countryOfOrigin"
    },
    "additionalType": {
      "@id": "https://schema.org/additionalType",
      "@type": "@id"
    },
    "relatedCollection": {
      "@id": "https://mediaarts-db.bunka.go.jp/data/property#relatedCollection",
      "@type": "@id"
    },
    "schema": "https://schema.org/",
    "ma": "https://mediaarts-db.bunka.go.jp/data/property#",
    "rdf": "http://www.w3.org/1999/02/22-rdf-syntax-ns#",
    "maadmin": "https://mediaarts-db.bunka.go.jp/data/property-admin#",
    "dcterms": "http://purl.org/dc/terms/",
    "madbdata": "https://mediaarts-db.bunka.go.jp/data/property-data#",
    "rdfs": "http://www.w3.org/2000/01/rdf-schema#",
    "madev": "https://mediaarts-db.bunka.go.jp/data/property-dev#",
    "class": "https://mediaarts-db.bunka.go.jp/data/class#"
  }
}
